DROP TABLE IF EXISTS tbl_recipe;
DROP TABLE IF EXISTS tbl_ingredient;
DROP TABLE IF EXISTS tbl_content;

DROP TABLE IF EXISTS `tbl_content`;
CREATE TABLE IF NOT EXISTS `tbl_content` (
  `id` int(11) NOT NULL AUTO_INCREMENT,
  `recipe_id` int(11) DEFAULT NULL,
  `ingredient_id` int(11) DEFAULT NULL,
  `amount` float DEFAULT NULL,
  PRIMARY KEY (`id`),
  KEY `fk_content_1_idx` (`ingredient_id`),
  KEY `fk_content_2_idx` (`recipe_id`)
) ENGINE=InnoDB DEFAULT CHARSET=utf8 COLLATE=utf8_unicode_ci AUTO_INCREMENT=1 ;


DROP TABLE IF EXISTS `tbl_ingredient`;
CREATE TABLE IF NOT EXISTS `tbl_ingredient` (
  `id` int(11) NOT NULL AUTO_INCREMENT,
  `name` varchar(45) COLLATE utf8_unicode_ci DEFAULT NULL,
  `unit` varchar(45) COLLATE utf8_unicode_ci DEFAULT NULL,
  `IU` float DEFAULT NULL,
  PRIMARY KEY (`id`)
) ENGINE=InnoDB DEFAULT CHARSET=utf8 COLLATE=utf8_unicode_ci AUTO_INCREMENT=1 ;


DROP TABLE IF EXISTS `tbl_recipe`;
CREATE TABLE IF NOT EXISTS `tbl_recipe` (
  `id` int(11) NOT NULL AUTO_INCREMENT,
  `name` varchar(45) COLLATE utf8_unicode_ci DEFAULT NULL,
  `intro` varchar(45) COLLATE utf8_unicode_ci DEFAULT NULL,
  `instruction` varchar(45) COLLATE utf8_unicode_ci DEFAULT NULL,
  `image` varchar(256) COLLATE utf8_unicode_ci DEFAULT NULL,
  `region_id` int(11) NOT NULL,
  `user_id` int(11) NOT NULL,
  `url` varchar(128) COLLATE utf8_unicode_ci NOT NULL,
  PRIMARY KEY (`id`)
) ENGINE=InnoDB  DEFAULT CHARSET=utf8 COLLATE=utf8_unicode_ci AUTO_INCREMENT=3 ;

INSERT INTO tbl_recipe VALUES (1,'はらこ飯',NULL,NULL,NULL,2,0,'http://www.s-recipe.com/local/vol40.html');
INSERT INTO tbl_ingredient VALUES (1,'生鮭','切れ',NULL);
INSERT INTO tbl_content VALUES (1,2,2,1.00);
INSERT INTO tbl_ingredient VALUES (2,'はらこ(生すじこ)','g',NULL);
INSERT INTO tbl_content VALUES (2,2,3,15.00);
INSERT INTO tbl_ingredient VALUES (3,'しょうゆ','大さじ',NULL);
INSERT INTO tbl_content VALUES (3,2,4,0.50);
INSERT INTO tbl_ingredient VALUES (4,'酒','大さじ',NULL);
INSERT INTO tbl_content VALUES (4,2,5,0.50);
INSERT INTO tbl_ingredient VALUES (5,'米','合',NULL);
INSERT INTO tbl_content VALUES (5,2,6,1.00);
INSERT INTO tbl_recipe VALUES (2,'アンコウのとも酢',NULL,NULL,NULL,3,0,'http://www.s-recipe.com/local/vol49.html');
INSERT INTO tbl_ingredient VALUES (6,'アンコウ身・皮','g',NULL);
INSERT INTO tbl_content VALUES (6,3,7,75.00);
INSERT INTO tbl_ingredient VALUES (7,'みそ','小さじ',NULL);
INSERT INTO tbl_content VALUES (7,3,8,1.00);
INSERT INTO tbl_ingredient VALUES (8,'青ねぎ','適宜',NULL);
INSERT INTO tbl_content VALUES (8,3,9,0.00);
INSERT INTO tbl_ingredient VALUES (9,'砂糖','少々',NULL);
INSERT INTO tbl_content VALUES (9,3,10,0.00);
INSERT INTO tbl_ingredient VALUES (10,'酢','少々',NULL);
INSERT INTO tbl_content VALUES (10,3,11,0.00);
INSERT INTO tbl_ingredient VALUES (11,'アン肝','g',NULL);
INSERT INTO tbl_content VALUES (11,3,12,7.50);
INSERT INTO tbl_recipe VALUES (3,'にがごいの油炒め',NULL,NULL,NULL,8,0,'http://www.s-recipe.com/local/vol84.html');
INSERT INTO tbl_ingredient VALUES (12,'にがごい','本',NULL);
INSERT INTO tbl_content VALUES (12,4,13,0.50);
INSERT INTO tbl_content VALUES (13,4,13,0.00);
INSERT INTO tbl_ingredient VALUES (13,'かつお節','適量',NULL);
INSERT INTO tbl_content VALUES (14,4,14,0.00);
INSERT INTO tbl_ingredient VALUES (14,'ごま油','大さじ',NULL);
INSERT INTO tbl_content VALUES (15,4,15,0.50);
INSERT INTO tbl_recipe VALUES (4,'ジャージャー麺',NULL,NULL,NULL,2,0,'http://www.s-recipe.com/local/vol164.html');
INSERT INTO tbl_ingredient VALUES (15,'玉ねぎ','個',NULL);
INSERT INTO tbl_content VALUES (16,5,16,0.25);
INSERT INTO tbl_ingredient VALUES (16,'中華スープの素','小さじ',NULL);
INSERT INTO tbl_content VALUES (17,5,17,0.25);
INSERT INTO tbl_ingredient VALUES (17,'こしょう','少々',NULL);
INSERT INTO tbl_content VALUES (18,5,18,0.00);
INSERT INTO tbl_content VALUES (19,5,18,0.50);
INSERT INTO tbl_ingredient VALUES (18,'万能ねぎ','本',NULL);
INSERT INTO tbl_content VALUES (20,5,19,1.00);
INSERT INTO tbl_ingredient VALUES (19,'合いびき肉','ｇ',NULL);
INSERT INTO tbl_content VALUES (21,5,20,50.00);
INSERT INTO tbl_ingredient VALUES (20,'水','カップ',NULL);
INSERT INTO tbl_content VALUES (22,5,21,0.25);
INSERT INTO tbl_ingredient VALUES (21,'甜麺醤','大さじ',NULL);
INSERT INTO tbl_content VALUES (23,5,22,0.25);
INSERT INTO tbl_ingredient VALUES (22,'サラダ油','適量',NULL);
INSERT INTO tbl_content VALUES (24,5,23,0.00);
INSERT INTO tbl_ingredient VALUES (23,'片栗粉','小さじ',NULL);
INSERT INTO tbl_content VALUES (25,5,24,0.50);
INSERT INTO tbl_ingredient VALUES (24,'もやし','袋',NULL);
INSERT INTO tbl_content VALUES (26,5,25,0.25);
INSERT INTO tbl_ingredient VALUES (25,'しょうが','かけ',NULL);
INSERT INTO tbl_content VALUES (27,5,26,0.50);
INSERT INTO tbl_ingredient VALUES (26,'にんにく','かけ',NULL);
INSERT INTO tbl_content VALUES (28,5,27,0.50);
INSERT INTO tbl_content VALUES (29,5,27,0.50);
INSERT INTO tbl_ingredient VALUES (27,'中華麺','玉',NULL);
INSERT INTO tbl_content VALUES (30,5,28,1.00);
INSERT INTO tbl_ingredient VALUES (28,'きゅうり','本',NULL);
INSERT INTO tbl_content VALUES (31,5,29,0.50);
INSERT INTO tbl_recipe VALUES (5,'釜揚げうどん',NULL,NULL,NULL,8,0,'http://www.s-recipe.com/local/vol209.html');
INSERT INTO tbl_ingredient VALUES (29,'だし汁','cc',NULL);
INSERT INTO tbl_content VALUES (32,6,30,300.00);
INSERT INTO tbl_ingredient VALUES (30,'塩','少々',NULL);
INSERT INTO tbl_content VALUES (33,6,31,0.00);
INSERT INTO tbl_ingredient VALUES (31,'みりん','cc',NULL);
INSERT INTO tbl_content VALUES (34,6,32,25.00);
INSERT INTO tbl_ingredient VALUES (32,'うどん','g',NULL);
INSERT INTO tbl_content VALUES (35,6,33,150.00);
INSERT INTO tbl_content VALUES (36,6,33,0.75);
INSERT INTO tbl_ingredient VALUES (33,'揚げ玉','適量',NULL);
INSERT INTO tbl_content VALUES (37,6,34,0.00);
INSERT INTO tbl_ingredient VALUES (34,'ねぎ','適量',NULL);
INSERT INTO tbl_content VALUES (38,6,35,0.00);
INSERT INTO tbl_content VALUES (39,6,35,25.00);
INSERT INTO tbl_recipe VALUES (6,'真いわしのぬた',NULL,NULL,NULL,4,0,'http://www.s-recipe.com/local/vol201.html');
INSERT INTO tbl_content VALUES (40,7,35,0.00);
INSERT INTO tbl_content VALUES (41,7,35,0.50);
INSERT INTO tbl_ingredient VALUES (35,'青みの野菜（ねぎなど）','適量',NULL);
INSERT INTO tbl_content VALUES (42,7,36,0.00);
INSERT INTO tbl_content VALUES (43,7,36,0.50);
INSERT INTO tbl_ingredient VALUES (36,'真いわし（刺し身用）','尾',NULL);
INSERT INTO tbl_content VALUES (44,7,37,1.00);
INSERT INTO tbl_content VALUES (45,7,37,0.50);
INSERT INTO tbl_recipe VALUES (7,'スープカレー',NULL,NULL,NULL,1,0,'http://www.s-recipe.com/local/vol191.html');
INSERT INTO tbl_content VALUES (46,8,37,0.25);
INSERT INTO tbl_ingredient VALUES (37,'塩・こしょう','大さじ',NULL);
INSERT INTO tbl_content VALUES (47,8,38,0.75);
INSERT INTO tbl_ingredient VALUES (38,'水菜','本',NULL);
INSERT INTO tbl_content VALUES (48,8,39,2.00);
INSERT INTO tbl_ingredient VALUES (39,'カレー粉','大さじ',NULL);
INSERT INTO tbl_content VALUES (49,8,40,0.50);
INSERT INTO tbl_ingredient VALUES (40,'なす','本',NULL);
INSERT INTO tbl_content VALUES (50,8,41,0.50);
INSERT INTO tbl_ingredient VALUES (41,'さやいんげん','本',NULL);
INSERT INTO tbl_content VALUES (51,8,42,1.00);
INSERT INTO tbl_ingredient VALUES (42,'卵','個',NULL);
INSERT INTO tbl_content VALUES (52,8,43,0.50);
INSERT INTO tbl_content VALUES (53,8,43,1.00);
INSERT INTO tbl_ingredient VALUES (43,'洋風スープの素','個',NULL);
INSERT INTO tbl_content VALUES (54,8,44,0.50);
INSERT INTO tbl_content VALUES (55,8,44,0.50);
INSERT INTO tbl_ingredient VALUES (44,'れんこん','cm',NULL);
INSERT INTO tbl_content VALUES (56,8,45,2.00);
INSERT INTO tbl_ingredient VALUES (45,'鶏もも肉','g',NULL);
INSERT INTO tbl_content VALUES (57,8,46,250.00);
INSERT INTO tbl_ingredient VALUES (46,'かぼちゃ','個',NULL);
INSERT INTO tbl_content VALUES (58,8,47,0.03);
INSERT INTO tbl_ingredient VALUES (47,'にんじん','個',NULL);
INSERT INTO tbl_content VALUES (59,8,48,0.25);
INSERT INTO tbl_ingredient VALUES (48,'じゃがいも','個',NULL);
INSERT INTO tbl_content VALUES (60,8,49,0.50);
INSERT INTO tbl_content VALUES (61,8,49,0.17);
INSERT INTO tbl_content VALUES (62,8,49,0.17);
INSERT INTO tbl_ingredient VALUES (49,'ご飯','膳分',NULL);
INSERT INTO tbl_content VALUES (63,8,50,1.00);
INSERT INTO tbl_recipe VALUES (8,'瓦そば1',NULL,NULL,NULL,6,0,'http://www.s-recipe.com/local/vol60.html');
INSERT INTO tbl_ingredient VALUES (50,'茶そば','束',NULL);
INSERT INTO tbl_content VALUES (64,9,51,1.00);
INSERT INTO tbl_ingredient VALUES (51,'牛肉','g',NULL);
INSERT INTO tbl_content VALUES (65,9,52,100.00);
INSERT INTO tbl_ingredient VALUES (52,'小ネギ（小口切り）','適宜',NULL);
INSERT INTO tbl_content VALUES (66,9,53,0.00);
INSERT INTO tbl_content VALUES (67,9,53,1.00);
INSERT INTO tbl_ingredient VALUES (53,'めんつゆ','適宜',NULL);
INSERT INTO tbl_content VALUES (68,9,54,0.00);
INSERT INTO tbl_ingredient VALUES (54,'もみじおろし（薬味）','少々',NULL);
INSERT INTO tbl_content VALUES (69,9,55,0.00);
INSERT INTO tbl_content VALUES (70,9,55,0.50);
INSERT INTO tbl_content VALUES (71,9,55,25.00);
INSERT INTO tbl_ingredient VALUES (55,'刻みのり','適宜',NULL);
INSERT INTO tbl_content VALUES (72,9,56,0.00);
INSERT INTO tbl_content VALUES (73,9,56,0.50);
INSERT INTO tbl_recipe VALUES (9,'車麩の卵とじ',NULL,NULL,NULL,4,0,'http://www.s-recipe.com/local/vol147.html');
INSERT INTO tbl_content VALUES (74,10,56,0.50);
INSERT INTO tbl_ingredient VALUES (56,'ミニ車麩','個',NULL);
INSERT INTO tbl_content VALUES (75,10,57,3.00);
INSERT INTO tbl_content VALUES (76,10,57,1.00);
INSERT INTO tbl_content VALUES (77,10,57,25.00);
INSERT INTO tbl_ingredient VALUES (57,'だし','cc',NULL);
INSERT INTO tbl_content VALUES (78,10,58,100.00);
INSERT INTO tbl_recipe VALUES (10,'かんころ餅',NULL,NULL,NULL,8,0,'http://www.s-recipe.com/local/vol207.html');
INSERT INTO tbl_content VALUES (79,11,58,1.25);
INSERT INTO tbl_ingredient VALUES (58,'もち米','合',NULL);
INSERT INTO tbl_content VALUES (80,11,59,0.25);
INSERT INTO tbl_ingredient VALUES (59,'干しいも（市販品）','g',NULL);
INSERT INTO tbl_content VALUES (81,11,60,20.00);
INSERT INTO tbl_ingredient VALUES (60,'餅とり粉','適量',NULL);
INSERT INTO tbl_content VALUES (82,11,61,0.00);
INSERT INTO tbl_content VALUES (83,11,61,3.75);
INSERT INTO tbl_recipe VALUES (11,'ミヌダル',NULL,NULL,NULL,8,0,'http://www.s-recipe.com/local/vol17.html');
INSERT INTO tbl_ingredient VALUES (61,'黒ごま','g',NULL);
INSERT INTO tbl_content VALUES (84,12,62,25.00);
INSERT INTO tbl_content VALUES (85,12,62,1.00);
INSERT INTO tbl_content VALUES (86,12,62,0.50);
INSERT INTO tbl_ingredient VALUES (62,'豚ロース(6mm)','枚',NULL);
INSERT INTO tbl_content VALUES (87,12,63,4.00);
INSERT INTO tbl_content VALUES (88,12,63,0.50);
INSERT INTO tbl_recipe VALUES (12,'にんじんしりしり2',NULL,NULL,NULL,8,0,'http://www.s-recipe.com/local/vol126.html');
INSERT INTO tbl_content VALUES (89,13,63,0.00);
INSERT INTO tbl_ingredient VALUES (63,'ゴマ','少々',NULL);
INSERT INTO tbl_content VALUES (90,13,64,0.00);
INSERT INTO tbl_content VALUES (91,13,64,1.00);
INSERT INTO tbl_content VALUES (92,13,64,0.50);
INSERT INTO tbl_content VALUES (93,13,64,0.50);
INSERT INTO tbl_ingredient VALUES (64,'だしの素','少々',NULL);
INSERT INTO tbl_content VALUES (94,13,65,0.00);
INSERT INTO tbl_content VALUES (95,13,65,0.50);
INSERT INTO tbl_recipe VALUES (13,'うどんすき',NULL,NULL,NULL,5,0,'http://www.s-recipe.com/local/vol163.html');
INSERT INTO tbl_ingredient VALUES (65,'白菜','枚',NULL);
INSERT INTO tbl_content VALUES (96,14,66,1.00);
INSERT INTO tbl_ingredient VALUES (66,'薄口しょうゆ','大さじ',NULL);
INSERT INTO tbl_content VALUES (97,14,67,0.75);
INSERT INTO tbl_ingredient VALUES (67,'和風だしの素','大さじ',NULL);
INSERT INTO tbl_content VALUES (98,14,68,0.50);
INSERT INTO tbl_ingredient VALUES (68,'まいたけ','パック',NULL);
INSERT INTO tbl_content VALUES (99,14,69,0.12);
INSERT INTO tbl_content VALUES (100,14,69,0.25);
INSERT INTO tbl_content VALUES (101,14,69,1.50);
INSERT INTO tbl_content VALUES (102,14,69,0.75);
INSERT INTO tbl_content VALUES (103,14,69,2.00);
INSERT INTO tbl_ingredient VALUES (69,'エリンギ','本',NULL);
INSERT INTO tbl_content VALUES (104,14,70,0.50);
INSERT INTO tbl_content VALUES (105,14,70,0.50);
INSERT INTO tbl_ingredient VALUES (70,'しいたけ','個',NULL);
INSERT INTO tbl_content VALUES (106,14,71,1.00);
INSERT INTO tbl_content VALUES (107,14,71,0.50);
INSERT INTO tbl_ingredient VALUES (71,'鶏ひき肉','g',NULL);
INSERT INTO tbl_content VALUES (108,14,72,75.00);
INSERT INTO tbl_ingredient VALUES (72,'卵焼き（市販品も可）','切れ',NULL);
INSERT INTO tbl_content VALUES (109,14,73,1.00);
INSERT INTO tbl_ingredient VALUES (73,'卵黄','個',NULL);
INSERT INTO tbl_content VALUES (110,14,74,0.25);
INSERT INTO tbl_content VALUES (111,14,74,0.75);
INSERT INTO tbl_ingredient VALUES (74,'かまぼこ','切れ',NULL);
INSERT INTO tbl_content VALUES (112,14,75,1.00);
INSERT INTO tbl_content VALUES (113,14,75,0.00);
INSERT INTO tbl_ingredient VALUES (75,'ほうれん草','わ',NULL);
INSERT INTO tbl_content VALUES (114,14,76,0.60);
INSERT INTO tbl_ingredient VALUES (76,'ゆでうどん（冷凍も可）','玉',NULL);
INSERT INTO tbl_content VALUES (115,14,77,0.50);
INSERT INTO tbl_content VALUES (116,14,77,0.50);
INSERT INTO tbl_ingredient VALUES (77,'えび','尾',NULL);
INSERT INTO tbl_content VALUES (117,14,78,1.00);
INSERT INTO tbl_recipe VALUES (14,'にんじんしりしり1',NULL,NULL,NULL,8,0,'http://www.s-recipe.com/local/vol116.html');
INSERT INTO tbl_content VALUES (118,15,78,0.00);
INSERT INTO tbl_content VALUES (119,15,78,0.50);
INSERT INTO tbl_ingredient VALUES (78,'シーチキン','缶',NULL);
INSERT INTO tbl_content VALUES (120,15,79,0.50);
INSERT INTO tbl_content VALUES (121,15,79,0.25);
INSERT INTO tbl_recipe VALUES (15,'わらび餅',NULL,NULL,NULL,5,0,'http://www.s-recipe.com/local/vol107.html');
INSERT INTO tbl_content VALUES (122,16,79,0.50);
INSERT INTO tbl_ingredient VALUES (79,'わらび粉','g',NULL);
INSERT INTO tbl_content VALUES (123,16,80,25.00);
INSERT INTO tbl_ingredient VALUES (80,'きな粉','大さじ',NULL);
INSERT INTO tbl_content VALUES (124,16,81,1.50);
INSERT INTO tbl_content VALUES (125,16,81,125.00);
INSERT INTO tbl_recipe VALUES (16,'やたら',NULL,NULL,NULL,4,0,'http://www.s-recipe.com/local/vol62.html');
INSERT INTO tbl_content VALUES (126,17,81,0.25);
INSERT INTO tbl_ingredient VALUES (81,'みょうが','個',NULL);
INSERT INTO tbl_content VALUES (127,17,82,0.50);
INSERT INTO tbl_ingredient VALUES (82,'青唐辛子','本',NULL);
INSERT INTO tbl_content VALUES (128,17,83,0.50);
INSERT INTO tbl_content VALUES (129,17,83,0.50);
INSERT INTO tbl_ingredient VALUES (83,'大葉','枚',NULL);
INSERT INTO tbl_content VALUES (130,17,84,1.00);
INSERT INTO tbl_content VALUES (131,17,84,0.00);
INSERT INTO tbl_content VALUES (132,17,84,0.00);
INSERT INTO tbl_content VALUES (133,17,84,0.50);
INSERT INTO tbl_recipe VALUES (17,'ククメシ',NULL,NULL,NULL,8,0,'http://www.s-recipe.com/local/vol27.html');
INSERT INTO tbl_content VALUES (134,18,84,0.00);
INSERT INTO tbl_content VALUES (135,18,84,0.50);
INSERT INTO tbl_content VALUES (136,18,84,1.50);
INSERT INTO tbl_ingredient VALUES (84,'ゆでたけのこ','小',NULL);
INSERT INTO tbl_content VALUES (137,18,85,0.50);
INSERT INTO tbl_ingredient VALUES (85,'豚ももかたまり肉','g',NULL);
INSERT INTO tbl_content VALUES (138,18,86,75.00);
INSERT INTO tbl_ingredient VALUES (86,'生しいたけ','枚',NULL);
INSERT INTO tbl_content VALUES (139,18,87,3.00);
INSERT INTO tbl_content VALUES (140,18,87,0.50);
INSERT INTO tbl_content VALUES (141,18,87,0.25);
INSERT INTO tbl_content VALUES (142,18,87,1.00);
INSERT INTO tbl_content VALUES (143,18,87,1.50);
INSERT INTO tbl_ingredient VALUES (87,'菜の花','束',NULL);
INSERT INTO tbl_content VALUES (144,18,88,0.17);
INSERT INTO tbl_recipe VALUES (18,'天むす',NULL,NULL,NULL,4,0,'http://www.s-recipe.com/local/vol145.html');
INSERT INTO tbl_content VALUES (145,19,88,0.00);
INSERT INTO tbl_content VALUES (146,19,88,0.00);
INSERT INTO tbl_content VALUES (147,19,88,0.00);
INSERT INTO tbl_ingredient VALUES (88,'焼きのり','枚',NULL);
INSERT INTO tbl_content VALUES (148,19,89,0.50);
INSERT INTO tbl_ingredient VALUES (89,'天つゆ','適宜',NULL);
INSERT INTO tbl_content VALUES (149,19,90,0.00);
INSERT INTO tbl_ingredient VALUES (90,'天ぷら粉','適宜',NULL);
INSERT INTO tbl_content VALUES (150,19,91,0.00);
INSERT INTO tbl_ingredient VALUES (91,'揚げ油','適宜',NULL);
INSERT INTO tbl_content VALUES (151,19,92,0.00);
INSERT INTO tbl_ingredient VALUES (92,'えび(ブラックタイガー)','尾',NULL);
INSERT INTO tbl_content VALUES (152,19,93,2.00);
INSERT INTO tbl_recipe VALUES (19,'チキン南蛮',NULL,NULL,NULL,8,0,'http://www.s-recipe.com/local/vol09.html');
INSERT INTO tbl_content VALUES (153,20,93,0.00);
INSERT INTO tbl_content VALUES (154,20,93,0.08);
INSERT INTO tbl_ingredient VALUES (93,'マヨネーズ','大さじ',NULL);
INSERT INTO tbl_content VALUES (155,20,94,1.00);
INSERT INTO tbl_ingredient VALUES (94,'ゆで卵','個',NULL);
INSERT INTO tbl_content VALUES (156,20,95,0.50);
INSERT INTO tbl_ingredient VALUES (95,'きゅうり(ピクルス)','本',NULL);
INSERT INTO tbl_content VALUES (157,20,96,0.17);
INSERT INTO tbl_ingredient VALUES (96,'小口切り唐辛子','少々',NULL);
INSERT INTO tbl_content VALUES (158,20,97,0.00);
INSERT INTO tbl_ingredient VALUES (97,'レモン汁','少々',NULL);
INSERT INTO tbl_content VALUES (159,20,98,0.00);
INSERT INTO tbl_ingredient VALUES (98,'ケチャップ','大さじ',NULL);
INSERT INTO tbl_content VALUES (160,20,99,0.25);
INSERT INTO tbl_content VALUES (161,20,99,0.50);
INSERT INTO tbl_content VALUES (162,20,99,0.00);
INSERT INTO tbl_content VALUES (163,20,99,1.00);
INSERT INTO tbl_ingredient VALUES (99,'小麦粉','適宜',NULL);
INSERT INTO tbl_content VALUES (164,20,100,0.00);
INSERT INTO tbl_content VALUES (165,20,100,1.50);
INSERT INTO tbl_content VALUES (166,20,100,1.00);
INSERT INTO tbl_content VALUES (167,20,100,1.25);
INSERT INTO tbl_ingredient VALUES (100,'粒マスタード','少々',NULL);
INSERT INTO tbl_content VALUES (168,20,101,0.00);
INSERT INTO tbl_recipe VALUES (20,'なすのみそ煮込み',NULL,NULL,NULL,4,0,'http://www.s-recipe.com/local/vol177.html');
INSERT INTO tbl_content VALUES (169,21,101,1.50);
INSERT INTO tbl_ingredient VALUES (101,'いんげん','本',NULL);
INSERT INTO tbl_content VALUES (170,21,102,1.00);
INSERT INTO tbl_content VALUES (171,21,102,0.50);
INSERT INTO tbl_content VALUES (172,21,102,1.50);
INSERT INTO tbl_content VALUES (173,21,102,0.75);
INSERT INTO tbl_content VALUES (174,21,102,1.50);
INSERT INTO tbl_recipe VALUES (21,'焼きうどん',NULL,NULL,NULL,8,0,'http://www.s-recipe.com/local/vol83.html');
INSERT INTO tbl_content VALUES (175,22,102,0.00);
INSERT INTO tbl_ingredient VALUES (102,'ピーマン','個',NULL);
INSERT INTO tbl_content VALUES (176,22,103,1.00);
INSERT INTO tbl_ingredient VALUES (103,'茹でうどん','玉',NULL);
INSERT INTO tbl_content VALUES (177,22,104,1.00);
INSERT INTO tbl_ingredient VALUES (104,'キャベツ','枚',NULL);
INSERT INTO tbl_content VALUES (178,22,105,2.50);
INSERT INTO tbl_content VALUES (179,22,105,0.25);
INSERT INTO tbl_content VALUES (180,22,105,0.50);
INSERT INTO tbl_content VALUES (181,22,105,1.00);
INSERT INTO tbl_content VALUES (182,22,105,0.00);
INSERT INTO tbl_content VALUES (183,22,105,0.50);
INSERT INTO tbl_content VALUES (184,22,105,0.00);
INSERT INTO tbl_ingredient VALUES (105,'豚バラ薄切り肉','g',NULL);
INSERT INTO tbl_content VALUES (185,22,106,50.00);
INSERT INTO tbl_content VALUES (186,22,106,0.12);
INSERT INTO tbl_ingredient VALUES (106,'ソース','大さじ',NULL);
INSERT INTO tbl_content VALUES (187,22,107,0.50);
INSERT INTO tbl_recipe VALUES (22,'山形のだし',NULL,NULL,NULL,2,0,'http://www.s-recipe.com/local/vol36.html');
INSERT INTO tbl_content VALUES (188,23,107,0.00);
INSERT INTO tbl_content VALUES (189,23,107,1.00);
INSERT INTO tbl_content VALUES (190,23,107,0.50);
INSERT INTO tbl_ingredient VALUES (107,'白ごま','大さじ',NULL);
INSERT INTO tbl_content VALUES (191,23,108,0.50);
INSERT INTO tbl_ingredient VALUES (108,'大根','cm',NULL);
INSERT INTO tbl_content VALUES (192,23,109,2.50);
INSERT INTO tbl_content VALUES (193,23,109,1.50);
INSERT INTO tbl_ingredient VALUES (109,'長ねぎ','本',NULL);
INSERT INTO tbl_content VALUES (194,23,110,0.12);
INSERT INTO tbl_content VALUES (195,23,110,0.50);
INSERT INTO tbl_ingredient VALUES (110,'納豆昆布','大さじ',NULL);
INSERT INTO tbl_content VALUES (196,23,111,1.00);
INSERT INTO tbl_content VALUES (197,23,111,0.75);
INSERT INTO tbl_ingredient VALUES (111,'削り節','袋（',NULL);
INSERT INTO tbl_content VALUES (198,23,112,6.50);
INSERT INTO tbl_recipe VALUES (23,'けんさ焼き',NULL,NULL,NULL,4,0,'http://www.s-recipe.com/local/vol119.html');
INSERT INTO tbl_content VALUES (199,24,112,0.25);
INSERT INTO tbl_ingredient VALUES (112,'炊き上がり飯','ｇ',NULL);
INSERT INTO tbl_content VALUES (200,24,113,100.00);
INSERT INTO tbl_ingredient VALUES (113,'田舎味噌','大さじ',NULL);
INSERT INTO tbl_content VALUES (201,24,114,0.50);
INSERT INTO tbl_content VALUES (202,24,114,7.50);
INSERT INTO tbl_recipe VALUES (24,'こねり',NULL,NULL,NULL,8,0,'http://www.s-recipe.com/local/vol155.html');
INSERT INTO tbl_content VALUES (203,25,114,1.00);
INSERT INTO tbl_content VALUES (204,25,114,0.00);
INSERT INTO tbl_ingredient VALUES (114,'ニガウリ','本',NULL);
INSERT INTO tbl_content VALUES (205,25,115,0.50);
INSERT INTO tbl_content VALUES (206,25,115,1.50);
INSERT INTO tbl_content VALUES (207,25,115,0.50);
INSERT INTO tbl_content VALUES (208,25,115,0.50);
INSERT INTO tbl_content VALUES (209,25,115,0.50);
INSERT INTO tbl_content VALUES (210,25,115,0.50);
INSERT INTO tbl_content VALUES (211,25,115,1.00);
INSERT INTO tbl_recipe VALUES (25,'さばの昆布巻き',NULL,NULL,NULL,8,0,'http://www.s-recipe.com/local/vol199.html');
INSERT INTO tbl_content VALUES (212,26,115,1.00);
INSERT INTO tbl_ingredient VALUES (115,'さば（生）','半身',NULL);
INSERT INTO tbl_content VALUES (213,26,116,0.00);
INSERT INTO tbl_content VALUES (214,26,116,1.00);
INSERT INTO tbl_ingredient VALUES (116,'早煮昆布','〜',NULL);
INSERT INTO tbl_content VALUES (215,26,117,17.00);
INSERT INTO tbl_content VALUES (216,26,117,1.50);
INSERT INTO tbl_content VALUES (217,26,117,2.00);
INSERT INTO tbl_recipe VALUES (26,'ごどうふ',NULL,NULL,NULL,8,0,'http://www.s-recipe.com/local/vol130.html');
INSERT INTO tbl_ingredient VALUES (117,'炒りゴマ','大さじ',NULL);
INSERT INTO tbl_content VALUES (218,27,118,0.50);
INSERT INTO tbl_content VALUES (219,27,118,1.00);
INSERT INTO tbl_content VALUES (220,27,118,1.00);
INSERT INTO tbl_content VALUES (221,27,118,0.75);
INSERT INTO tbl_ingredient VALUES (118,'葛粉','大さじ',NULL);
INSERT INTO tbl_content VALUES (222,27,119,0.25);
INSERT INTO tbl_ingredient VALUES (119,'豆乳','cc',NULL);
INSERT INTO tbl_content VALUES (223,27,120,150.00);
INSERT INTO tbl_recipe VALUES (27,'梅びしお',NULL,NULL,NULL,5,0,'http://www.s-recipe.com/local/vol89.html');
INSERT INTO tbl_content VALUES (224,28,120,1.50);
INSERT INTO tbl_ingredient VALUES (120,'梅干し(種なし)','g',NULL);
INSERT INTO tbl_content VALUES (225,28,121,75.00);
INSERT INTO tbl_content VALUES (226,28,121,0.25);
INSERT INTO tbl_recipe VALUES (28,'切りこぶと油揚げの煮物',NULL,NULL,NULL,2,0,'http://www.s-recipe.com/local/vol110.html');
INSERT INTO tbl_content VALUES (227,29,121,0.00);
INSERT INTO tbl_content VALUES (228,29,121,0.00);
INSERT INTO tbl_ingredient VALUES (121,'油揚げ','枚',NULL);
INSERT INTO tbl_content VALUES (229,29,122,1.00);
INSERT INTO tbl_ingredient VALUES (122,'切り昆布','パック',NULL);
INSERT INTO tbl_content VALUES (230,29,123,0.50);
INSERT INTO tbl_content VALUES (231,29,123,0.50);
INSERT INTO tbl_content VALUES (232,29,123,0.50);
INSERT INTO tbl_recipe VALUES (29,'いのしし南蛮そば',NULL,NULL,NULL,8,0,'http://www.s-recipe.com/local/vol190.html');
INSERT INTO tbl_content VALUES (233,30,123,400.00);
INSERT INTO tbl_content VALUES (234,30,123,0.50);
INSERT INTO tbl_content VALUES (235,30,123,1.00);
INSERT INTO tbl_content VALUES (236,30,123,0.50);
INSERT INTO tbl_content VALUES (237,30,123,0.00);
INSERT INTO tbl_content VALUES (238,30,123,1.00);
INSERT INTO tbl_content VALUES (239,30,123,0.00);
INSERT INTO tbl_ingredient VALUES (123,'いのしし肉','g',NULL);
INSERT INTO tbl_content VALUES (240,30,124,50.00);
INSERT INTO tbl_ingredient VALUES (124,'そば(生麺)','玉',NULL);
INSERT INTO tbl_content VALUES (241,30,125,1.00);
INSERT INTO tbl_content VALUES (242,30,125,0.00);
INSERT INTO tbl_content VALUES (243,30,125,0.00);
INSERT INTO tbl_recipe VALUES (30,'鶏飯',NULL,NULL,NULL,8,0,'http://www.s-recipe.com/local/vol51.html');
INSERT INTO tbl_ingredient VALUES (125,'鶏むね肉','g',NULL);
INSERT INTO tbl_content VALUES (244,31,126,50.00);
INSERT INTO tbl_content VALUES (245,31,126,1.00);
INSERT INTO tbl_ingredient VALUES (126,'鶏がらスープの素','大さじ',NULL);
INSERT INTO tbl_content VALUES (246,31,127,0.75);
INSERT INTO tbl_content VALUES (247,31,127,2.50);
INSERT INTO tbl_content VALUES (248,31,127,1.00);
INSERT INTO tbl_ingredient VALUES (127,'干ししいたけ','枚',NULL);
INSERT INTO tbl_content VALUES (249,31,128,2.00);
INSERT INTO tbl_content VALUES (250,31,128,0.50);
INSERT INTO tbl_content VALUES (251,31,128,0.50);
INSERT INTO tbl_ingredient VALUES (128,'奈良漬','g',NULL);
INSERT INTO tbl_content VALUES (252,31,129,10.00);
INSERT INTO tbl_content VALUES (253,31,129,0.50);
INSERT INTO tbl_content VALUES (254,31,129,0.00);
INSERT INTO tbl_ingredient VALUES (129,'煎り白ごま','適宜',NULL);
INSERT INTO tbl_content VALUES (255,31,130,0.00);
INSERT INTO tbl_recipe VALUES (31,'田川のホルモン焼き',NULL,NULL,NULL,8,0,'http://www.s-recipe.com/local/vol210.html');
INSERT INTO tbl_content VALUES (256,32,130,0.06);
INSERT INTO tbl_content VALUES (257,32,130,0.25);
INSERT INTO tbl_content VALUES (258,32,130,0.00);
INSERT INTO tbl_content VALUES (259,32,130,0.25);
INSERT INTO tbl_content VALUES (260,32,130,0.50);
INSERT INTO tbl_content VALUES (261,32,130,0.25);
INSERT INTO tbl_content VALUES (262,32,130,0.25);
INSERT INTO tbl_content VALUES (263,32,130,0.25);
INSERT INTO tbl_content VALUES (264,32,130,0.25);
INSERT INTO tbl_ingredient VALUES (130,'豚ホルモン','g',NULL);
INSERT INTO tbl_content VALUES (265,32,131,50.00);
INSERT INTO tbl_content VALUES (266,32,131,0.25);
INSERT INTO tbl_recipe VALUES (32,'いもなます',NULL,NULL,NULL,4,0,'http://www.s-recipe.com/local/vol150.html');
INSERT INTO tbl_content VALUES (267,33,131,0.00);
INSERT INTO tbl_content VALUES (268,33,131,1.00);
INSERT INTO tbl_content VALUES (269,33,131,1.00);
INSERT INTO tbl_content VALUES (270,33,131,1.50);
INSERT INTO tbl_content VALUES (271,33,131,0.00);
INSERT INTO tbl_recipe VALUES (33,'味噌煮込みうどん ',NULL,NULL,NULL,4,0,'http://www.s-recipe.com/local/vol02.html');
INSERT INTO tbl_content VALUES (272,34,131,1.00);
INSERT INTO tbl_content VALUES (273,34,131,1.00);
INSERT INTO tbl_content VALUES (274,34,131,0.25);
INSERT INTO tbl_ingredient VALUES (131,'焼麩','個',NULL);
INSERT INTO tbl_content VALUES (275,34,132,1.00);
INSERT INTO tbl_content VALUES (276,34,132,1.00);
INSERT INTO tbl_content VALUES (277,34,132,0.25);
INSERT INTO tbl_ingredient VALUES (132,'出し汁（鰹だし）','ｃｃ',NULL);
INSERT INTO tbl_content VALUES (278,34,133,400.00);
INSERT INTO tbl_ingredient VALUES (133,'八丁味噌','大さじ',NULL);
INSERT INTO tbl_content VALUES (279,34,134,1.00);
INSERT INTO tbl_ingredient VALUES (134,'中華だしの素','大さじ',NULL);
INSERT INTO tbl_content VALUES (280,34,135,0.50);
INSERT INTO tbl_ingredient VALUES (135,'鶏肉もも肉','枚',NULL);
INSERT INTO tbl_content VALUES (281,34,136,0.25);
INSERT INTO tbl_content VALUES (282,34,136,1.00);
INSERT INTO tbl_recipe VALUES (34,'菜の花の辛子和え',NULL,NULL,NULL,3,0,'http://www.s-recipe.com/local/vol121.html');
INSERT INTO tbl_content VALUES (283,35,136,0.00);
INSERT INTO tbl_ingredient VALUES (136,'練がらし','小さじ',NULL);
INSERT INTO tbl_content VALUES (284,35,137,0.50);
INSERT INTO tbl_content VALUES (285,35,137,1.00);
INSERT INTO tbl_content VALUES (286,35,137,100.00);
INSERT INTO tbl_recipe VALUES (35,'だんご汁',NULL,NULL,NULL,8,0,'http://www.s-recipe.com/local/vol115.html');
INSERT INTO tbl_content VALUES (287,36,137,250.00);
INSERT INTO tbl_content VALUES (288,36,137,0.00);
INSERT INTO tbl_ingredient VALUES (137,'ごぼう','本',NULL);
INSERT INTO tbl_content VALUES (289,36,138,0.25);
INSERT INTO tbl_content VALUES (290,36,138,50.00);
INSERT INTO tbl_ingredient VALUES (138,'ゆず胡椒','少々',NULL);
INSERT INTO tbl_content VALUES (291,36,139,0.00);
INSERT INTO tbl_content VALUES (292,36,139,1520.00);
INSERT INTO tbl_content VALUES (293,36,139,1.50);
INSERT INTO tbl_ingredient VALUES (139,'里芋','個',NULL);
INSERT INTO tbl_content VALUES (294,36,140,1.00);
INSERT INTO tbl_content VALUES (295,36,140,1.00);
INSERT INTO tbl_content VALUES (296,36,140,0.25);
INSERT INTO tbl_content VALUES (297,36,140,0.25);
INSERT INTO tbl_ingredient VALUES (140,'強力粉','g	',NULL);
INSERT INTO tbl_content VALUES (298,36,141,25.00);
INSERT INTO tbl_ingredient VALUES (141,'薄力粉','g',NULL);
INSERT INTO tbl_content VALUES (299,36,142,25.00);
INSERT INTO tbl_recipe VALUES (36,'からいもご飯',NULL,NULL,NULL,8,0,'http://www.s-recipe.com/local/vol122.html');
INSERT INTO tbl_content VALUES (300,37,142,0.25);
INSERT INTO tbl_content VALUES (301,37,142,120.00);
INSERT INTO tbl_content VALUES (302,37,142,0.50);
INSERT INTO tbl_content VALUES (303,37,142,0.50);
INSERT INTO tbl_ingredient VALUES (142,'からいも(さつま芋)','ｇ',NULL);
INSERT INTO tbl_content VALUES (304,37,143,25.00);
INSERT INTO tbl_recipe VALUES (37,'きりたんぽ鍋2',NULL,NULL,NULL,2,0,'http://www.s-recipe.com/local/vol69.html');
INSERT INTO tbl_content VALUES (305,38,143,0.00);
INSERT INTO tbl_content VALUES (306,38,143,0.50);
INSERT INTO tbl_content VALUES (307,38,143,0.50);
INSERT INTO tbl_content VALUES (308,38,143,0.00);
INSERT INTO tbl_ingredient VALUES (143,'糸こんにゃく','袋',NULL);
INSERT INTO tbl_content VALUES (309,38,144,0.25);
INSERT INTO tbl_content VALUES (310,38,144,0.25);
INSERT INTO tbl_ingredient VALUES (144,'長ネギ','本',NULL);
INSERT INTO tbl_content VALUES (311,38,145,0.50);
INSERT INTO tbl_content VALUES (312,38,145,1.00);
INSERT INTO tbl_ingredient VALUES (145,'せり','束',NULL);
INSERT INTO tbl_content VALUES (313,38,146,0.50);
INSERT INTO tbl_content VALUES (314,38,146,0.50);
INSERT INTO tbl_content VALUES (315,38,146,0.17);
INSERT INTO tbl_ingredient VALUES (146,'鶏がらスープ','カップ',NULL);
INSERT INTO tbl_content VALUES (316,38,147,1.50);
INSERT INTO tbl_content VALUES (317,38,147,1.00);
INSERT INTO tbl_recipe VALUES (38,'イカ飯',NULL,NULL,NULL,1,0,'http://www.s-recipe.com/local/vol22.html');
INSERT INTO tbl_content VALUES (318,39,147,0.00);
INSERT INTO tbl_ingredient VALUES (147,'いか','杯',NULL);
INSERT INTO tbl_content VALUES (319,39,148,1.00);
INSERT INTO tbl_content VALUES (320,39,148,0.50);
INSERT INTO tbl_content VALUES (321,39,148,1.50);
INSERT INTO tbl_content VALUES (322,39,148,25.00);
INSERT INTO tbl_content VALUES (323,39,148,0.75);
INSERT INTO tbl_content VALUES (324,39,148,1.50);
INSERT INTO tbl_recipe VALUES (39,'かんぴょうの卵とじ',NULL,NULL,NULL,3,0,'http://www.s-recipe.com/local/vol32.html');
INSERT INTO tbl_content VALUES (325,40,148,0.00);
INSERT INTO tbl_content VALUES (326,40,148,0.50);
INSERT INTO tbl_content VALUES (327,40,148,0.25);
INSERT INTO tbl_content VALUES (328,40,148,150.00);
INSERT INTO tbl_ingredient VALUES (148,'かんぴょう','ｇ',NULL);
INSERT INTO tbl_content VALUES (329,40,149,5.00);
INSERT INTO tbl_recipe VALUES (40,'ゼリーフライ',NULL,NULL,NULL,3,0,'http://www.s-recipe.com/local/vol103.html');
INSERT INTO tbl_ingredient VALUES (149,'ウスターソース','適量',NULL);
INSERT INTO tbl_content VALUES (330,41,150,0.00);
INSERT INTO tbl_content VALUES (331,41,150,0.00);
INSERT INTO tbl_content VALUES (332,41,150,0.25);
INSERT INTO tbl_ingredient VALUES (150,'おから','ｇ',NULL);
INSERT INTO tbl_content VALUES (333,41,151,75.00);
INSERT INTO tbl_content VALUES (334,41,151,1.00);
INSERT INTO tbl_content VALUES (335,41,151,0.17);
INSERT INTO tbl_content VALUES (336,41,151,1.00);
INSERT INTO tbl_recipe VALUES (41,'下仁田ねぎ味噌',NULL,NULL,NULL,3,0,'http://www.s-recipe.com/local/vol139.html');
INSERT INTO tbl_content VALUES (337,42,151,1.00);
INSERT INTO tbl_content VALUES (338,42,151,0.50);
INSERT INTO tbl_content VALUES (339,42,151,6.50);
INSERT INTO tbl_content VALUES (340,42,151,0.50);
INSERT INTO tbl_recipe VALUES (42,'たまごみそ',NULL,NULL,NULL,2,0,'http://www.s-recipe.com/local/vol65.html');
INSERT INTO tbl_content VALUES (341,43,151,1.00);
INSERT INTO tbl_content VALUES (342,43,151,50.00);
INSERT INTO tbl_content VALUES (343,43,151,1.00);
INSERT INTO tbl_recipe VALUES (43,'あごだし五島うどん',NULL,NULL,NULL,8,0,'http://www.s-recipe.com/local/vol194.html');
INSERT INTO tbl_content VALUES (344,44,151,0.00);
INSERT INTO tbl_content VALUES (345,44,151,0.17);
INSERT INTO tbl_content VALUES (346,44,151,0.75);
INSERT INTO tbl_ingredient VALUES (151,'五島うどん','人分',NULL);
INSERT INTO tbl_content VALUES (347,44,152,1.00);
INSERT INTO tbl_ingredient VALUES (152,'焼き豚（市販品）','適量',NULL);
INSERT INTO tbl_content VALUES (348,44,153,0.00);
INSERT INTO tbl_ingredient VALUES (153,'もみのり','適量',NULL);
INSERT INTO tbl_content VALUES (349,44,154,0.00);
INSERT INTO tbl_content VALUES (350,44,154,0.50);
INSERT INTO tbl_content VALUES (351,44,154,0.50);
INSERT INTO tbl_content VALUES (352,44,154,400.00);
INSERT INTO tbl_ingredient VALUES (154,'濃口しょうゆ','大さじ',NULL);
INSERT INTO tbl_content VALUES (353,44,155,0.50);
INSERT INTO tbl_ingredient VALUES (155,'あご（飛魚の煮干し）','g',NULL);
INSERT INTO tbl_content VALUES (354,44,156,7.50);
INSERT INTO tbl_content VALUES (355,44,156,1.00);
INSERT INTO tbl_recipe VALUES (44,'納豆汁餅',NULL,NULL,NULL,3,0,'http://www.s-recipe.com/local/vol140.html');
INSERT INTO tbl_content VALUES (356,45,156,1.00);
INSERT INTO tbl_content VALUES (357,45,156,0.75);
INSERT INTO tbl_ingredient VALUES (156,'納豆','パック',NULL);
INSERT INTO tbl_content VALUES (358,45,157,0.50);
INSERT INTO tbl_ingredient VALUES (157,'切り餅','個',NULL);
INSERT INTO tbl_content VALUES (359,45,158,2.00);
INSERT INTO tbl_recipe VALUES (45,'さんが焼き',NULL,NULL,NULL,3,0,'http://www.s-recipe.com/local/vol39.html');
INSERT INTO tbl_content VALUES (360,46,158,0.25);
INSERT INTO tbl_content VALUES (361,46,158,2.00);
INSERT INTO tbl_content VALUES (362,46,158,0.25);
INSERT INTO tbl_content VALUES (363,46,158,0.00);
INSERT INTO tbl_content VALUES (364,46,158,0.12);
INSERT INTO tbl_content VALUES (365,46,158,0.50);
INSERT INTO tbl_ingredient VALUES (158,'さんま','尾',NULL);
INSERT INTO tbl_content VALUES (366,46,159,1.00);
INSERT INTO tbl_recipe VALUES (46,'茎わかめのポン酢しょうゆ',NULL,NULL,NULL,2,0,'http://www.s-recipe.com/local/vol98.html');
INSERT INTO tbl_ingredient VALUES (159,'茎わかめ','g',NULL);
INSERT INTO tbl_content VALUES (367,47,160,50.00);
INSERT INTO tbl_ingredient VALUES (160,'ポン酢しょうゆ','適宜',NULL);
INSERT INTO tbl_content VALUES (368,47,161,0.00);
INSERT INTO tbl_recipe VALUES (47,'瓦そば',NULL,NULL,NULL,6,0,'http://www.s-recipe.com/local/vol170.html');
INSERT INTO tbl_content VALUES (369,48,161,0.25);
INSERT INTO tbl_ingredient VALUES (161,'大根おろし','適量',NULL);
INSERT INTO tbl_content VALUES (370,48,162,0.00);
INSERT INTO tbl_content VALUES (371,48,162,1.00);
INSERT INTO tbl_content VALUES (372,48,162,1.00);
INSERT INTO tbl_content VALUES (373,48,162,0.00);
INSERT INTO tbl_content VALUES (374,48,162,0.00);
INSERT INTO tbl_ingredient VALUES (162,'牛薄切り肉','g',NULL);
INSERT INTO tbl_content VALUES (375,48,163,60.00);
INSERT INTO tbl_content VALUES (376,48,163,0.50);
INSERT INTO tbl_content VALUES (377,48,163,0.25);
INSERT INTO tbl_content VALUES (378,48,163,0.50);
INSERT INTO tbl_ingredient VALUES (163,'焼のり','枚',NULL);
INSERT INTO tbl_content VALUES (379,48,164,0.50);
INSERT INTO tbl_ingredient VALUES (164,'レモン','少々',NULL);
INSERT INTO tbl_content VALUES (380,48,165,0.00);
INSERT INTO tbl_content VALUES (381,48,165,0.50);
INSERT INTO tbl_recipe VALUES (48,'いもこみそ',NULL,NULL,NULL,4,0,'http://www.s-recipe.com/local/vol111.html');
INSERT INTO tbl_ingredient VALUES (165,'煮干し','本',NULL);
INSERT INTO tbl_content VALUES (382,49,166,1.00);
INSERT INTO tbl_ingredient VALUES (166,'ゆずの皮','適量',NULL);
INSERT INTO tbl_content VALUES (383,49,167,0.00);
INSERT INTO tbl_content VALUES (384,49,167,300.00);
INSERT INTO tbl_content VALUES (385,49,167,0.50);
INSERT INTO tbl_content VALUES (386,49,167,3.00);
INSERT INTO tbl_content VALUES (387,49,167,0.50);
INSERT INTO tbl_recipe VALUES (49,'そぼろ納豆2',NULL,NULL,NULL,3,0,'http://www.s-recipe.com/local/vol143.html');
INSERT INTO tbl_content VALUES (388,50,167,0.25);
INSERT INTO tbl_content VALUES (389,50,167,0.50);
INSERT INTO tbl_content VALUES (390,50,167,0.50);
INSERT INTO tbl_ingredient VALUES (167,'切干大根','g',NULL);
INSERT INTO tbl_content VALUES (391,50,168,15.00);
INSERT INTO tbl_content VALUES (392,50,168,0.50);
INSERT INTO tbl_recipe VALUES (50,'干しかれいの塩焼き',NULL,NULL,NULL,6,0,'http://www.s-recipe.com/local/vol212.html');
INSERT INTO tbl_ingredient VALUES (168,'干しかれい','尾',NULL);
INSERT INTO tbl_content VALUES (393,51,169,1.00);
INSERT INTO tbl_recipe VALUES (51,'鯛飯',NULL,NULL,NULL,7,0,'http://www.s-recipe.com/local/vol186.html');
INSERT INTO tbl_content VALUES (394,52,169,0.25);
INSERT INTO tbl_content VALUES (395,52,169,0.50);
INSERT INTO tbl_ingredient VALUES (169,'昆布（10cm）','cm',NULL);
INSERT INTO tbl_content VALUES (396,52,170,5.00);
INSERT INTO tbl_content VALUES (397,52,170,325.00);
INSERT INTO tbl_ingredient VALUES (170,'鯛の切り身（骨付き）','枚',NULL);
INSERT INTO tbl_content VALUES (398,52,171,1.00);
INSERT INTO tbl_ingredient VALUES (171,'青じその葉','枚',NULL);
INSERT INTO tbl_content VALUES (399,52,172,2.00);
INSERT INTO tbl_content VALUES (400,52,172,0.25);
INSERT INTO tbl_content VALUES (401,52,172,1.00);
INSERT INTO tbl_content VALUES (402,52,172,1.00);
INSERT INTO tbl_recipe VALUES (52,'お好み焼き',NULL,NULL,NULL,5,0,'http://www.s-recipe.com/local/vol109.html');
INSERT INTO tbl_ingredient VALUES (172,'青のり','適量',NULL);
INSERT INTO tbl_content VALUES (403,53,173,0.00);
INSERT INTO tbl_content VALUES (404,53,173,0.00);
INSERT INTO tbl_content VALUES (405,53,173,0.00);
INSERT INTO tbl_ingredient VALUES (173,'昆布だし','cc',NULL);
INSERT INTO tbl_content VALUES (406,53,174,35.00);
INSERT INTO tbl_content VALUES (407,53,174,1.00);
INSERT INTO tbl_content VALUES (408,53,174,2.00);
INSERT INTO tbl_ingredient VALUES (174,'お好み焼きソース','適量',NULL);
INSERT INTO tbl_content VALUES (409,53,175,0.00);
INSERT INTO tbl_ingredient VALUES (175,'豚バラスライス肉','適量',NULL);
INSERT INTO tbl_content VALUES (410,53,176,0.00);
INSERT INTO tbl_ingredient VALUES (176,'小麦粉（薄力粉）','ｇ',NULL);
INSERT INTO tbl_content VALUES (411,53,177,50.00);
INSERT INTO tbl_ingredient VALUES (177,'花かつお','適量',NULL);
INSERT INTO tbl_content VALUES (412,53,178,0.00);
INSERT INTO tbl_ingredient VALUES (178,'桜えび','大さじ',NULL);
INSERT INTO tbl_content VALUES (413,53,179,0.50);
INSERT INTO tbl_content VALUES (414,53,179,0.00);
INSERT INTO tbl_ingredient VALUES (179,'天かす','大さじ',NULL);
INSERT INTO tbl_content VALUES (415,53,180,1.00);
INSERT INTO tbl_content VALUES (416,53,180,1.00);
INSERT INTO tbl_ingredient VALUES (180,'山芋','cm',NULL);
INSERT INTO tbl_content VALUES (417,53,181,5.00);
INSERT INTO tbl_recipe VALUES (53,'しじみ汁',NULL,NULL,NULL,6,0,'http://www.s-recipe.com/local/vol157.html');
INSERT INTO tbl_content VALUES (418,54,181,1.00);
INSERT INTO tbl_content VALUES (419,54,181,1.00);
INSERT INTO tbl_ingredient VALUES (181,'三つ葉','適量',NULL);
INSERT INTO tbl_content VALUES (420,54,182,0.00);
INSERT INTO tbl_ingredient VALUES (182,'しじみ（殻つき）','g',NULL);
INSERT INTO tbl_content VALUES (421,54,183,50.00);
INSERT INTO tbl_recipe VALUES (54,'石狩鍋',NULL,NULL,NULL,1,0,'http://www.s-recipe.com/local/vol71.html');
INSERT INTO tbl_content VALUES (422,55,183,0.25);
INSERT INTO tbl_content VALUES (423,55,183,5.00);
INSERT INTO tbl_content VALUES (424,55,183,0.50);
INSERT INTO tbl_content VALUES (425,55,183,2.00);
INSERT INTO tbl_content VALUES (426,55,183,0.50);
INSERT INTO tbl_ingredient VALUES (183,'バター','大さじ',NULL);
INSERT INTO tbl_content VALUES (427,55,184,0.25);
INSERT INTO tbl_content VALUES (428,55,184,1.50);
INSERT INTO tbl_ingredient VALUES (184,'鮭のあら','g',NULL);
INSERT INTO tbl_content VALUES (429,55,185,150.00);
INSERT INTO tbl_ingredient VALUES (185,'鮭の切り身','切れ',NULL);
INSERT INTO tbl_content VALUES (430,55,186,1.00);
INSERT INTO tbl_content VALUES (431,55,186,0.50);
INSERT INTO tbl_ingredient VALUES (186,'昆布','cm',NULL);
INSERT INTO tbl_content VALUES (432,55,187,7.50);
INSERT INTO tbl_content VALUES (433,55,187,0.25);
INSERT INTO tbl_content VALUES (434,55,187,1.00);
INSERT INTO tbl_ingredient VALUES (187,'こんにゃく','袋',NULL);
INSERT INTO tbl_content VALUES (435,55,188,0.25);
INSERT INTO tbl_recipe VALUES (55,'みそポテト',NULL,NULL,NULL,3,0,'http://www.s-recipe.com/local/vol219.html');
INSERT INTO tbl_content VALUES (436,56,188,0.50);
INSERT INTO tbl_content VALUES (437,56,188,1.00);
INSERT INTO tbl_content VALUES (438,56,188,0.00);
INSERT INTO tbl_content VALUES (439,56,188,1.00);
INSERT INTO tbl_content VALUES (440,56,188,0.00);
INSERT INTO tbl_content VALUES (441,56,188,0.00);
INSERT INTO tbl_content VALUES (442,56,188,0.50);
INSERT INTO tbl_content VALUES (443,56,188,0.50);
INSERT INTO tbl_recipe VALUES (56,'しじみのつくだ煮',NULL,NULL,NULL,6,0,'http://www.s-recipe.com/local/vol217.html');
INSERT INTO tbl_content VALUES (444,57,188,0.25);
INSERT INTO tbl_content VALUES (445,57,188,0.50);
INSERT INTO tbl_content VALUES (446,57,188,125.00);
INSERT INTO tbl_content VALUES (447,57,188,0.25);
INSERT INTO tbl_content VALUES (448,57,188,0.25);
INSERT INTO tbl_content VALUES (449,57,188,0.25);
INSERT INTO tbl_recipe VALUES (57,'さやえんどうの卵とじ',NULL,NULL,NULL,3,0,'http://www.s-recipe.com/local/vol102.html');
INSERT INTO tbl_content VALUES (450,58,188,75.00);
INSERT INTO tbl_content VALUES (451,58,188,0.50);
INSERT INTO tbl_ingredient VALUES (188,'新玉ねぎ','個',NULL);
INSERT INTO tbl_content VALUES (452,58,189,0.25);
INSERT INTO tbl_ingredient VALUES (189,'さやえんどう','ｇ',NULL);
INSERT INTO tbl_content VALUES (453,58,190,50.00);
INSERT INTO tbl_content VALUES (454,58,190,1.00);
INSERT INTO tbl_content VALUES (455,58,190,0.50);
INSERT INTO tbl_content VALUES (456,58,190,0.50);
INSERT INTO tbl_recipe VALUES (58,'さつま汁',NULL,NULL,NULL,8,0,'http://www.s-recipe.com/local/vol112.html');
INSERT INTO tbl_content VALUES (457,59,190,1.50);
INSERT INTO tbl_ingredient VALUES (190,'さつまいも','本',NULL);
INSERT INTO tbl_content VALUES (458,59,191,0.50);
INSERT INTO tbl_content VALUES (459,59,191,0.00);
INSERT INTO tbl_content VALUES (460,59,191,0.08);
INSERT INTO tbl_content VALUES (461,59,191,0.50);
INSERT INTO tbl_content VALUES (462,59,191,1.50);
INSERT INTO tbl_content VALUES (463,59,191,50.00);
INSERT INTO tbl_content VALUES (464,59,191,0.17);
INSERT INTO tbl_content VALUES (465,59,191,0.12);
INSERT INTO tbl_content VALUES (466,59,191,0.25);
INSERT INTO tbl_recipe VALUES (59,'豚丼',NULL,NULL,NULL,1,0,'http://www.s-recipe.com/local/vol14.html');
INSERT INTO tbl_ingredient VALUES (191,'はちみつ','大さじ',NULL);
INSERT INTO tbl_content VALUES (467,60,192,0.75);
INSERT INTO tbl_ingredient VALUES (192,'日本酒','大さじ',NULL);
INSERT INTO tbl_content VALUES (468,60,193,0.25);
INSERT INTO tbl_content VALUES (469,60,193,0.25);
INSERT INTO tbl_content VALUES (470,60,193,25.00);
INSERT INTO tbl_ingredient VALUES (193,'豚ロース(5mm)','g',NULL);
INSERT INTO tbl_content VALUES (471,60,194,140.00);
INSERT INTO tbl_recipe VALUES (60,'ひゅうが飯',NULL,NULL,NULL,7,0,'http://www.s-recipe.com/local/vol63.html');
INSERT INTO tbl_content VALUES (472,61,194,0.00);
INSERT INTO tbl_content VALUES (473,61,194,1.00);
INSERT INTO tbl_content VALUES (474,61,194,0.50);
INSERT INTO tbl_ingredient VALUES (194,'わけぎ','適宜',NULL);
INSERT INTO tbl_content VALUES (475,61,195,0.00);
INSERT INTO tbl_ingredient VALUES (195,'鯵の刺身','尾分',NULL);
INSERT INTO tbl_content VALUES (476,61,196,0.50);
INSERT INTO tbl_content VALUES (477,61,196,0.50);
INSERT INTO tbl_content VALUES (478,61,196,0.50);
INSERT INTO tbl_recipe VALUES (61,'そらきたもち',NULL,NULL,NULL,8,0,'http://www.s-recipe.com/local/vol30.html');
INSERT INTO tbl_content VALUES (479,62,196,0.00);
INSERT INTO tbl_content VALUES (480,62,196,75.00);
INSERT INTO tbl_ingredient VALUES (196,'抹茶','適宜',NULL);
INSERT INTO tbl_content VALUES (481,62,197,0.00);
INSERT INTO tbl_content VALUES (482,62,197,0.00);
INSERT INTO tbl_content VALUES (483,62,197,0.50);
INSERT INTO tbl_content VALUES (484,62,197,1.00);
INSERT INTO tbl_recipe VALUES (62,'豚の角煮',NULL,NULL,NULL,8,0,'http://www.s-recipe.com/local/vol123.html');
INSERT INTO tbl_content VALUES (485,63,197,0.25);
INSERT INTO tbl_ingredient VALUES (197,'豚バラブロック','g',NULL);
INSERT INTO tbl_content VALUES (486,63,198,125.00);
INSERT INTO tbl_content VALUES (487,63,198,1.00);
INSERT INTO tbl_content VALUES (488,63,198,0.50);
INSERT INTO tbl_content VALUES (489,63,198,0.50);
INSERT INTO tbl_content VALUES (490,63,198,0.25);
INSERT INTO tbl_content VALUES (491,63,198,1.00);
INSERT INTO tbl_content VALUES (492,63,198,1.00);
INSERT INTO tbl_recipe VALUES (63,'しょうゆ飯',NULL,NULL,NULL,7,0,'http://www.s-recipe.com/local/vol99.html');
INSERT INTO tbl_content VALUES (493,64,198,15.00);
INSERT INTO tbl_content VALUES (494,64,198,0.25);
INSERT INTO tbl_content VALUES (495,64,198,1.00);
INSERT INTO tbl_content VALUES (496,64,198,1.00);
INSERT INTO tbl_content VALUES (497,64,198,170.00);
INSERT INTO tbl_content VALUES (498,64,198,0.50);
INSERT INTO tbl_content VALUES (499,64,198,0.12);
INSERT INTO tbl_content VALUES (500,64,198,0.12);
INSERT INTO tbl_content VALUES (501,64,198,25.00);
INSERT INTO tbl_content VALUES (502,64,198,15.00);
INSERT INTO tbl_content VALUES (503,64,198,0.00);
INSERT INTO tbl_recipe VALUES (64,'とり天',NULL,NULL,NULL,8,0,'http://www.s-recipe.com/local/vol43.html');
INSERT INTO tbl_content VALUES (504,65,198,0.00);
INSERT INTO tbl_content VALUES (505,65,198,0.50);
INSERT INTO tbl_content VALUES (506,65,198,1.00);
INSERT INTO tbl_content VALUES (507,65,198,0.50);
INSERT INTO tbl_content VALUES (508,65,198,0.50);
INSERT INTO tbl_content VALUES (509,65,198,0.00);
INSERT INTO tbl_content VALUES (510,65,198,0.00);
INSERT INTO tbl_content VALUES (511,65,198,0.25);
INSERT INTO tbl_content VALUES (512,65,198,0.50);
INSERT INTO tbl_content VALUES (513,65,198,0.12);
INSERT INTO tbl_content VALUES (514,65,198,1.00);
INSERT INTO tbl_content VALUES (515,65,198,1.00);
INSERT INTO tbl_ingredient VALUES (198,'ポン酢','適宜',NULL);
INSERT INTO tbl_content VALUES (516,65,199,0.00);
INSERT INTO tbl_recipe VALUES (65,'いかのかけ和え',NULL,NULL,NULL,8,0,'http://www.s-recipe.com/local/vol167.html');
INSERT INTO tbl_ingredient VALUES (199,'練り辛子','小さじ',NULL);
INSERT INTO tbl_content VALUES (517,66,200,0.25);
INSERT INTO tbl_content VALUES (518,66,200,0.50);
INSERT INTO tbl_content VALUES (519,66,200,0.50);
INSERT INTO tbl_content VALUES (520,66,200,0.50);
INSERT INTO tbl_content VALUES (521,66,200,0.17);
INSERT INTO tbl_content VALUES (522,66,200,0.75);
INSERT INTO tbl_content VALUES (523,66,200,1.00);
INSERT INTO tbl_content VALUES (524,66,200,0.25);
INSERT INTO tbl_recipe VALUES (66,'高菜めし',NULL,NULL,NULL,8,0,'http://www.s-recipe.com/local/vol24.html');
INSERT INTO tbl_content VALUES (525,67,200,0.00);
INSERT INTO tbl_ingredient VALUES (200,'高菜漬け','ｇ',NULL);
INSERT INTO tbl_content VALUES (526,67,201,30.00);
INSERT INTO tbl_content VALUES (527,67,201,1.00);
INSERT INTO tbl_content VALUES (528,67,201,0.50);
INSERT INTO tbl_content VALUES (529,67,201,0.00);
INSERT INTO tbl_content VALUES (530,67,201,0.00);
INSERT INTO tbl_content VALUES (531,67,201,0.00);
INSERT INTO tbl_content VALUES (532,67,201,0.00);
INSERT INTO tbl_recipe VALUES (67,'ヒカド',NULL,NULL,NULL,8,0,'http://www.s-recipe.com/local/vol91.html');
INSERT INTO tbl_content VALUES (533,68,201,300.00);
INSERT INTO tbl_content VALUES (534,68,201,0.50);
INSERT INTO tbl_content VALUES (535,68,201,0.50);
INSERT INTO tbl_content VALUES (536,68,201,0.12);
INSERT INTO tbl_content VALUES (537,68,201,1.00);
INSERT INTO tbl_content VALUES (538,68,201,1.00);
INSERT INTO tbl_ingredient VALUES (201,'マグロまたはブリの切り身','枚',NULL);
INSERT INTO tbl_content VALUES (539,68,202,0.50);
INSERT INTO tbl_ingredient VALUES (202,'さつまいも(中)','本',NULL);
INSERT INTO tbl_content VALUES (540,68,203,0.50);
INSERT INTO tbl_content VALUES (541,68,203,25.00);
INSERT INTO tbl_content VALUES (542,68,203,0.25);
INSERT INTO tbl_content VALUES (543,68,203,0.50);
INSERT INTO tbl_recipe VALUES (68,'ちんびん',NULL,NULL,NULL,8,0,'http://www.s-recipe.com/local/vol03.html');
INSERT INTO tbl_ingredient VALUES (203,'黒砂糖','g　',NULL);
INSERT INTO tbl_content VALUES (544,69,204,75.00);
INSERT INTO tbl_content VALUES (545,69,204,0.50);
INSERT INTO tbl_content VALUES (546,69,204,1.00);
INSERT INTO tbl_ingredient VALUES (204,'ベーキングパウダー','小さじ',NULL);
INSERT INTO tbl_content VALUES (547,69,205,1.00);
INSERT INTO tbl_content VALUES (548,69,205,0.50);
INSERT INTO tbl_content VALUES (549,69,205,125.00);
INSERT INTO tbl_ingredient VALUES (205,'油','適量',NULL);
INSERT INTO tbl_content VALUES (550,69,206,0.00);
INSERT INTO tbl_recipe VALUES (69,'にらせんべい',NULL,NULL,NULL,4,0,'http://www.s-recipe.com/local/vol52.html');
INSERT INTO tbl_ingredient VALUES (206,'にら','束',NULL);
INSERT INTO tbl_content VALUES (551,70,207,0.50);
INSERT INTO tbl_content VALUES (552,70,207,0.50);
INSERT INTO tbl_content VALUES (553,70,207,1.00);
INSERT INTO tbl_content VALUES (554,70,207,0.00);
INSERT INTO tbl_content VALUES (555,70,207,0.25);
INSERT INTO tbl_content VALUES (556,70,207,0.00);
INSERT INTO tbl_content VALUES (557,70,207,1.00);
INSERT INTO tbl_recipe VALUES (70,'ほうとう鍋',NULL,NULL,NULL,4,0,'http://www.s-recipe.com/local/vol20.html');
INSERT INTO tbl_content VALUES (558,71,207,600.00);
INSERT INTO tbl_ingredient VALUES (207,'ほうとう生うどん','g',NULL);
INSERT INTO tbl_content VALUES (559,71,208,120.00);
INSERT INTO tbl_content VALUES (560,71,208,0.06);
INSERT INTO tbl_content VALUES (561,71,208,0.50);
INSERT INTO tbl_content VALUES (562,71,208,0.17);
INSERT INTO tbl_content VALUES (563,71,208,0.50);
INSERT INTO tbl_content VALUES (564,71,208,0.25);
INSERT INTO tbl_content VALUES (565,71,208,30.00);
INSERT INTO tbl_content VALUES (566,71,208,2.00);
INSERT INTO tbl_content VALUES (567,71,208,2.00);
INSERT INTO tbl_ingredient VALUES (208,'豚ロース肉','g',NULL);
INSERT INTO tbl_content VALUES (568,71,209,50.00);
INSERT INTO tbl_content VALUES (569,71,209,0.17);
INSERT INTO tbl_content VALUES (570,71,209,0.06);
INSERT INTO tbl_content VALUES (571,71,209,1.00);
INSERT INTO tbl_ingredient VALUES (209,'七味唐辛子','適宜（お好み）',NULL);
INSERT INTO tbl_content VALUES (572,71,210,0.00);
INSERT INTO tbl_recipe VALUES (71,'丁字麩',NULL,NULL,NULL,5,0,'http://www.s-recipe.com/local/vol208.html');
INSERT INTO tbl_ingredient VALUES (210,'丁字麩','個',NULL);
INSERT INTO tbl_content VALUES (573,72,211,1.00);
INSERT INTO tbl_content VALUES (574,72,211,0.50);
INSERT INTO tbl_ingredient VALUES (211,'食塩','少々',NULL);
INSERT INTO tbl_content VALUES (575,72,212,0.00);
INSERT INTO tbl_content VALUES (576,72,212,1.00);
INSERT INTO tbl_content VALUES (577,72,212,0.50);
INSERT INTO tbl_content VALUES (578,72,212,0.50);
INSERT INTO tbl_content VALUES (579,72,212,0.25);
INSERT INTO tbl_recipe VALUES (72,'りゅうきゅう（琉球）',NULL,NULL,NULL,8,0,'http://www.s-recipe.com/local/vol162.html');
INSERT INTO tbl_ingredient VALUES (212,'すりごま','大さじ',NULL);
INSERT INTO tbl_content VALUES (580,73,213,0.50);
INSERT INTO tbl_content VALUES (581,73,213,3.00);
INSERT INTO tbl_content VALUES (582,73,213,0.50);
INSERT INTO tbl_content VALUES (583,73,213,0.50);
INSERT INTO tbl_content VALUES (584,73,213,1.00);
INSERT INTO tbl_content VALUES (585,73,213,1.50);
INSERT INTO tbl_content VALUES (586,73,213,0.50);
INSERT INTO tbl_content VALUES (587,73,213,0.50);
INSERT INTO tbl_ingredient VALUES (213,'あじ（刺し身用）','匹',NULL);
INSERT INTO tbl_content VALUES (588,73,214,1.00);
INSERT INTO tbl_recipe VALUES (73,'なめろう',NULL,NULL,NULL,3,0,'http://www.s-recipe.com/local/vol05.html');
INSERT INTO tbl_content VALUES (589,74,214,0.50);
INSERT INTO tbl_content VALUES (590,74,214,0.50);
INSERT INTO tbl_content VALUES (591,74,214,0.25);
INSERT INTO tbl_content VALUES (592,74,214,2.50);
INSERT INTO tbl_content VALUES (593,74,214,28.00);
INSERT INTO tbl_recipe VALUES (74,'はまちしゃぶしゃぶ',NULL,NULL,NULL,7,0,'http://www.s-recipe.com/local/vol188.html');
INSERT INTO tbl_ingredient VALUES (214,'お好みのたれ（ポン酢、ごまだれ）','適量',NULL);
INSERT INTO tbl_content VALUES (594,75,215,0.00);
INSERT INTO tbl_content VALUES (595,75,215,0.50);
INSERT INTO tbl_content VALUES (596,75,215,0.50);
INSERT INTO tbl_content VALUES (597,75,215,1.00);
INSERT INTO tbl_ingredient VALUES (215,'薬味（もみじおろし、ゆずこしょう）','適宜',NULL);
INSERT INTO tbl_content VALUES (598,75,216,0.00);
INSERT INTO tbl_ingredient VALUES (216,'はまち（刺し身用）','g',NULL);
INSERT INTO tbl_content VALUES (599,75,217,200.00);
INSERT INTO tbl_recipe VALUES (75,'こんにゃくのきんぴら',NULL,NULL,NULL,3,0,'http://www.s-recipe.com/local/vol101.html');
INSERT INTO tbl_ingredient VALUES (217,'唐辛子','本',NULL);
INSERT INTO tbl_content VALUES (600,76,218,0.50);
INSERT INTO tbl_content VALUES (601,76,218,0.25);
INSERT INTO tbl_content VALUES (602,76,218,0.00);
INSERT INTO tbl_content VALUES (603,76,218,0.50);
INSERT INTO tbl_content VALUES (604,76,218,1.50);
INSERT INTO tbl_content VALUES (605,76,218,0.50);
INSERT INTO tbl_recipe VALUES (76,'ひつまぶし',NULL,NULL,NULL,4,0,'http://www.s-recipe.com/local/vol35.html');
INSERT INTO tbl_content VALUES (606,77,218,200.00);
INSERT INTO tbl_content VALUES (607,77,218,1.00);
INSERT INTO tbl_ingredient VALUES (218,'あさつき','本',NULL);
INSERT INTO tbl_content VALUES (608,77,219,1.50);
INSERT INTO tbl_content VALUES (609,77,219,0.25);
INSERT INTO tbl_content VALUES (610,77,219,2.50);
INSERT INTO tbl_ingredient VALUES (219,'添付たれ','適宜',NULL);
INSERT INTO tbl_content VALUES (611,77,220,0.00);
INSERT INTO tbl_ingredient VALUES (220,'蒲焼うなぎ','尾',NULL);
INSERT INTO tbl_content VALUES (612,77,221,0.50);
INSERT INTO tbl_content VALUES (613,77,221,0.00);
INSERT INTO tbl_ingredient VALUES (221,'わさび','適量',NULL);
INSERT INTO tbl_content VALUES (614,77,222,0.00);
INSERT INTO tbl_recipe VALUES (77,'里芋のお焼き',NULL,NULL,NULL,6,0,'http://www.s-recipe.com/local/vol134.html');
INSERT INTO tbl_content VALUES (615,78,222,0.00);
INSERT INTO tbl_ingredient VALUES (222,'すり黒ゴマ','小さじ',NULL);
INSERT INTO tbl_content VALUES (616,78,223,0.50);
INSERT INTO tbl_content VALUES (617,78,223,0.00);
INSERT INTO tbl_content VALUES (618,78,223,4.00);
INSERT INTO tbl_content VALUES (619,78,223,0.00);
INSERT INTO tbl_content VALUES (620,78,223,1.00);
INSERT INTO tbl_content VALUES (621,78,223,0.17);
INSERT INTO tbl_content VALUES (622,78,223,0.25);
INSERT INTO tbl_recipe VALUES (78,'三五八漬け',NULL,NULL,NULL,2,0,'http://www.s-recipe.com/local/vol192.html');
INSERT INTO tbl_content VALUES (623,79,223,50.00);
INSERT INTO tbl_ingredient VALUES (223,'米こうじ','g',NULL);
INSERT INTO tbl_content VALUES (624,79,224,200.00);
INSERT INTO tbl_content VALUES (625,79,224,1.00);
INSERT INTO tbl_ingredient VALUES (224,'ミニトマト','個',NULL);
INSERT INTO tbl_content VALUES (626,79,225,5.00);
INSERT INTO tbl_content VALUES (627,79,225,210.00);
INSERT INTO tbl_recipe VALUES (79,'鉄砲汁',NULL,NULL,NULL,2,0,'http://www.s-recipe.com/local/vol187.html');
INSERT INTO tbl_content VALUES (628,80,225,1.00);
INSERT INTO tbl_content VALUES (629,80,225,1.00);
INSERT INTO tbl_content VALUES (630,80,225,250.00);
INSERT INTO tbl_content VALUES (631,80,225,25.00);
INSERT INTO tbl_ingredient VALUES (225,'かにの脚','本',NULL);
INSERT INTO tbl_content VALUES (632,80,226,2.00);
INSERT INTO tbl_ingredient VALUES (226,'昆布（5cm）','枚',NULL);
INSERT INTO tbl_content VALUES (633,80,227,0.50);
INSERT INTO tbl_recipe VALUES (80,'さんまの味噌漬け',NULL,NULL,NULL,3,0,'http://www.s-recipe.com/local/vol132.html');
INSERT INTO tbl_content VALUES (634,81,227,0.50);
INSERT INTO tbl_content VALUES (635,81,227,1.00);
INSERT INTO tbl_content VALUES (636,81,227,1.00);
INSERT INTO tbl_content VALUES (637,81,227,0.50);
INSERT INTO tbl_recipe VALUES (81,'納豆汁',NULL,NULL,NULL,2,0,'http://www.s-recipe.com/local/vol67.html');
INSERT INTO tbl_content VALUES (638,82,227,1.50);
INSERT INTO tbl_content VALUES (639,82,227,0.00);
INSERT INTO tbl_content VALUES (640,82,227,0.50);
INSERT INTO tbl_ingredient VALUES (227,'芋がら','本',NULL);
INSERT INTO tbl_content VALUES (641,82,228,0.50);
INSERT INTO tbl_content VALUES (642,82,228,0.08);
INSERT INTO tbl_content VALUES (643,82,228,0.25);
INSERT INTO tbl_content VALUES (644,82,228,1.00);
INSERT INTO tbl_content VALUES (645,82,228,0.00);
INSERT INTO tbl_content VALUES (646,82,228,0.12);
INSERT INTO tbl_content VALUES (647,82,228,0.17);
INSERT INTO tbl_ingredient VALUES (228,'豆腐','丁',NULL);
INSERT INTO tbl_content VALUES (648,82,229,0.17);
INSERT INTO tbl_recipe VALUES (82,'いかそうめん',NULL,NULL,NULL,1,0,'http://www.s-recipe.com/local/vol86.html');
INSERT INTO tbl_content VALUES (649,83,229,0.00);
INSERT INTO tbl_content VALUES (650,83,229,0.00);
INSERT INTO tbl_content VALUES (651,83,229,1.00);
INSERT INTO tbl_content VALUES (652,83,229,0.50);
INSERT INTO tbl_recipe VALUES (83,'チーズ入りいも団子',NULL,NULL,NULL,1,0,'http://www.s-recipe.com/local/vol105.html');
INSERT INTO tbl_content VALUES (653,84,229,0.00);
INSERT INTO tbl_ingredient VALUES (229,'チーズ','個(',NULL);
INSERT INTO tbl_content VALUES (654,84,230,13.00);
INSERT INTO tbl_content VALUES (655,84,230,1.00);
INSERT INTO tbl_content VALUES (656,84,230,0.00);
INSERT INTO tbl_content VALUES (657,84,230,0.12);
INSERT INTO tbl_content VALUES (658,84,230,1.00);
INSERT INTO tbl_content VALUES (659,84,230,0.50);
INSERT INTO tbl_content VALUES (660,84,230,1.00);
INSERT INTO tbl_content VALUES (661,84,230,1.50);
INSERT INTO tbl_recipe VALUES (84,'出世いも',NULL,NULL,NULL,7,0,'http://www.s-recipe.com/local/vol185.html');
INSERT INTO tbl_ingredient VALUES (230,'あんこ（市販品）','g',NULL);
INSERT INTO tbl_content VALUES (662,85,231,100.00);
INSERT INTO tbl_content VALUES (663,85,231,200.00);
INSERT INTO tbl_recipe VALUES (85,'おきゅうと',NULL,NULL,NULL,8,0,'http://www.s-recipe.com/local/vol215.html');
INSERT INTO tbl_ingredient VALUES (231,'おきゅうと','枚',NULL);
INSERT INTO tbl_content VALUES (664,86,232,0.75);
INSERT INTO tbl_content VALUES (665,86,232,0.00);
INSERT INTO tbl_content VALUES (666,86,232,0.25);
INSERT INTO tbl_recipe VALUES (86,'太平燕　タイピーエン',NULL,NULL,NULL,8,0,'http://www.s-recipe.com/local/vol161.html');
INSERT INTO tbl_content VALUES (667,87,232,0.25);
INSERT INTO tbl_content VALUES (668,87,232,0.00);
INSERT INTO tbl_content VALUES (669,87,232,2.00);
INSERT INTO tbl_ingredient VALUES (232,'豚こま切れ肉','g',NULL);
INSERT INTO tbl_content VALUES (670,87,233,25.00);
INSERT INTO tbl_content VALUES (671,87,233,0.17);
INSERT INTO tbl_content VALUES (672,87,233,0.50);
INSERT INTO tbl_content VALUES (673,87,233,4.00);
INSERT INTO tbl_content VALUES (674,87,233,1.00);
INSERT INTO tbl_content VALUES (675,87,233,1.00);
INSERT INTO tbl_content VALUES (676,87,233,0.00);
INSERT INTO tbl_content VALUES (677,87,233,0.00);
INSERT INTO tbl_content VALUES (678,87,233,25.00);
INSERT INTO tbl_ingredient VALUES (233,'春雨','g',NULL);
INSERT INTO tbl_content VALUES (679,87,234,25.00);
INSERT INTO tbl_content VALUES (680,87,234,0.00);
INSERT INTO tbl_ingredient VALUES (234,'粗びきこしょう','適量',NULL);
INSERT INTO tbl_content VALUES (681,87,235,0.00);
INSERT INTO tbl_ingredient VALUES (235,'オイスターソース','小さじ',NULL);
INSERT INTO tbl_content VALUES (682,87,236,0.50);
INSERT INTO tbl_content VALUES (683,87,236,1.00);
INSERT INTO tbl_content VALUES (684,87,236,0.00);
INSERT INTO tbl_ingredient VALUES (236,'きくらげ（乾燥）','枚',NULL);
INSERT INTO tbl_content VALUES (685,87,237,1.00);
INSERT INTO tbl_recipe VALUES (87,'浜松ぎょうざ',NULL,NULL,NULL,4,0,'http://www.s-recipe.com/local/vol181.html');
INSERT INTO tbl_content VALUES (686,88,237,0.25);
INSERT INTO tbl_content VALUES (687,88,237,0.12);
INSERT INTO tbl_content VALUES (688,88,237,0.50);
INSERT INTO tbl_content VALUES (689,88,237,0.00);
INSERT INTO tbl_content VALUES (690,88,237,0.00);
INSERT INTO tbl_content VALUES (691,88,237,0.50);
INSERT INTO tbl_content VALUES (692,88,237,0.50);
INSERT INTO tbl_content VALUES (693,88,237,0.50);
INSERT INTO tbl_ingredient VALUES (237,'豚ひき肉','g',NULL);
INSERT INTO tbl_content VALUES (694,88,238,30.00);
INSERT INTO tbl_content VALUES (695,88,238,0.50);
INSERT INTO tbl_ingredient VALUES (238,'餃子の皮','枚',NULL);
INSERT INTO tbl_content VALUES (696,88,239,10.00);
INSERT INTO tbl_recipe VALUES (88,'いかなごの釘煮',NULL,NULL,NULL,5,0,'http://www.s-recipe.com/local/vol173.html');
INSERT INTO tbl_content VALUES (697,89,239,15.00);
INSERT INTO tbl_content VALUES (698,89,239,125.00);
INSERT INTO tbl_ingredient VALUES (239,'山椒の実','g',NULL);
INSERT INTO tbl_content VALUES (699,89,240,2.50);
INSERT INTO tbl_ingredient VALUES (240,'ざらめ','g',NULL);
INSERT INTO tbl_content VALUES (700,89,241,100.00);
INSERT INTO tbl_content VALUES (701,89,241,7.50);
INSERT INTO tbl_content VALUES (702,89,241,100.00);
INSERT INTO tbl_ingredient VALUES (241,'生いかなご','kg',NULL);
INSERT INTO tbl_content VALUES (703,89,242,0.50);
INSERT INTO tbl_recipe VALUES (89,'がめ煮',NULL,NULL,NULL,8,0,'http://www.s-recipe.com/local/vol118.html');
INSERT INTO tbl_content VALUES (704,90,242,150.00);
INSERT INTO tbl_content VALUES (705,90,242,0.00);
INSERT INTO tbl_content VALUES (706,90,242,0.50);
INSERT INTO tbl_content VALUES (707,90,242,0.50);
INSERT INTO tbl_content VALUES (708,90,242,3.00);
INSERT INTO tbl_content VALUES (709,90,242,0.25);
INSERT INTO tbl_content VALUES (710,90,242,0.50);
INSERT INTO tbl_content VALUES (711,90,242,0.25);
INSERT INTO tbl_content VALUES (712,90,242,0.25);
INSERT INTO tbl_content VALUES (713,90,242,0.50);
INSERT INTO tbl_content VALUES (714,90,242,1.00);
INSERT INTO tbl_content VALUES (715,90,242,0.25);
INSERT INTO tbl_recipe VALUES (90,'冷やし中華',NULL,NULL,NULL,2,0,'http://www.s-recipe.com/local/vol154.html');
INSERT INTO tbl_content VALUES (716,91,242,0.00);
INSERT INTO tbl_content VALUES (717,91,242,0.50);
INSERT INTO tbl_ingredient VALUES (242,'レタス','枚',NULL);
INSERT INTO tbl_content VALUES (718,91,243,1.00);
INSERT INTO tbl_content VALUES (719,91,243,0.50);
INSERT INTO tbl_content VALUES (720,91,243,2.00);
INSERT INTO tbl_content VALUES (721,91,243,0.25);
INSERT INTO tbl_content VALUES (722,91,243,0.50);
INSERT INTO tbl_ingredient VALUES (243,'トマト','個',NULL);
INSERT INTO tbl_content VALUES (723,91,244,0.25);
INSERT INTO tbl_content VALUES (724,91,244,1.50);
INSERT INTO tbl_content VALUES (725,91,244,2.00);
INSERT INTO tbl_ingredient VALUES (244,'中華麺（冷やし中華用）','食分',NULL);
INSERT INTO tbl_content VALUES (726,91,245,1.00);
INSERT INTO tbl_content VALUES (727,91,245,0.50);
INSERT INTO tbl_ingredient VALUES (245,'ハム','枚',NULL);
INSERT INTO tbl_content VALUES (728,91,246,2.00);
INSERT INTO tbl_recipe VALUES (91,'つぶ貝のうま煮',NULL,NULL,NULL,1,0,'http://www.s-recipe.com/local/vol193.html');
INSERT INTO tbl_content VALUES (729,92,246,1.50);
INSERT INTO tbl_content VALUES (730,92,246,50.00);
INSERT INTO tbl_content VALUES (731,92,246,50.00);
INSERT INTO tbl_ingredient VALUES (246,'つぶ貝','g',NULL);
INSERT INTO tbl_content VALUES (732,92,247,75.00);
INSERT INTO tbl_content VALUES (733,92,247,1.00);
INSERT INTO tbl_content VALUES (734,92,247,1.00);
INSERT INTO tbl_recipe VALUES (92,'焼きカレー',NULL,NULL,NULL,8,0,'http://www.s-recipe.com/local/vol165.html');
INSERT INTO tbl_content VALUES (735,93,247,0.17);
INSERT INTO tbl_content VALUES (736,93,247,0.00);
INSERT INTO tbl_content VALUES (737,93,247,1.00);
INSERT INTO tbl_content VALUES (738,93,247,0.50);
INSERT INTO tbl_ingredient VALUES (247,'チーズ（溶けるタイプ）','g',NULL);
INSERT INTO tbl_content VALUES (739,93,248,25.00);
INSERT INTO tbl_content VALUES (740,93,248,1.00);
INSERT INTO tbl_content VALUES (741,93,248,150.00);
INSERT INTO tbl_content VALUES (742,93,248,0.50);
INSERT INTO tbl_content VALUES (743,93,248,75.00);
INSERT INTO tbl_ingredient VALUES (248,'カレールー','箱',NULL);
INSERT INTO tbl_content VALUES (744,93,249,0.12);
INSERT INTO tbl_content VALUES (745,93,249,0.17);
INSERT INTO tbl_content VALUES (746,93,249,0.50);
INSERT INTO tbl_content VALUES (747,93,249,0.25);
INSERT INTO tbl_content VALUES (748,93,249,0.50);
INSERT INTO tbl_recipe VALUES (93,'鮭の焼付け',NULL,NULL,NULL,4,0,'http://www.s-recipe.com/local/vol95.html');
INSERT INTO tbl_content VALUES (749,94,249,1.50);
INSERT INTO tbl_content VALUES (750,94,249,1.00);
INSERT INTO tbl_content VALUES (751,94,249,1.50);
INSERT INTO tbl_recipe VALUES (94,'油そうめん',NULL,NULL,NULL,8,0,'http://www.s-recipe.com/local/vol34.html');
INSERT INTO tbl_content VALUES (752,95,249,0.25);
INSERT INTO tbl_ingredient VALUES (249,'豚バラ肉','ｇ',NULL);
INSERT INTO tbl_content VALUES (753,95,250,40.00);
INSERT INTO tbl_content VALUES (754,95,250,0.50);
INSERT INTO tbl_content VALUES (755,95,250,0.50);
INSERT INTO tbl_content VALUES (756,95,250,0.25);
INSERT INTO tbl_content VALUES (757,95,250,1.00);
INSERT INTO tbl_content VALUES (758,95,250,0.75);
INSERT INTO tbl_ingredient VALUES (250,'そうめん','ｇ',NULL);
INSERT INTO tbl_content VALUES (759,95,251,100.00);
INSERT INTO tbl_ingredient VALUES (251,'煮干','尾',NULL);
INSERT INTO tbl_content VALUES (760,95,252,5.00);
INSERT INTO tbl_content VALUES (761,95,252,0.12);
INSERT INTO tbl_content VALUES (762,95,252,0.50);
INSERT INTO tbl_recipe VALUES (95,'だまご鍋',NULL,NULL,NULL,2,0,'http://www.s-recipe.com/local/vol141.html');
INSERT INTO tbl_content VALUES (763,96,252,0.50);
INSERT INTO tbl_content VALUES (764,96,252,1.00);
INSERT INTO tbl_content VALUES (765,96,252,0.50);
INSERT INTO tbl_content VALUES (766,96,252,0.25);
INSERT INTO tbl_content VALUES (767,96,252,0.25);
INSERT INTO tbl_content VALUES (768,96,252,0.25);
INSERT INTO tbl_content VALUES (769,96,252,0.50);
INSERT INTO tbl_content VALUES (770,96,252,0.25);
INSERT INTO tbl_content VALUES (771,96,252,1.50);
INSERT INTO tbl_ingredient VALUES (252,'しらたき','袋',NULL);
INSERT INTO tbl_content VALUES (772,96,253,0.25);
INSERT INTO tbl_content VALUES (773,96,253,0.50);
INSERT INTO tbl_recipe VALUES (96,'シシリアンライス',NULL,NULL,NULL,8,0,'http://www.s-recipe.com/local/vol156.html');
INSERT INTO tbl_content VALUES (774,97,253,0.08);
INSERT INTO tbl_content VALUES (775,97,253,0.00);
INSERT INTO tbl_content VALUES (776,97,253,200.00);
INSERT INTO tbl_content VALUES (777,97,253,1.00);
INSERT INTO tbl_content VALUES (778,97,253,0.00);
INSERT INTO tbl_content VALUES (779,97,253,3.00);
INSERT INTO tbl_content VALUES (780,97,253,75.00);
INSERT INTO tbl_ingredient VALUES (253,'ごまドレッシング','適量',NULL);
INSERT INTO tbl_content VALUES (781,97,254,0.00);
INSERT INTO tbl_ingredient VALUES (254,'焼肉のたれ（甘口）','大さじ',NULL);
INSERT INTO tbl_content VALUES (782,97,255,1.00);
INSERT INTO tbl_recipe VALUES (97,'つけあげ',NULL,NULL,NULL,8,0,'http://www.s-recipe.com/local/vol203.html');
INSERT INTO tbl_content VALUES (783,98,255,0.75);
INSERT INTO tbl_content VALUES (784,98,255,0.25);
INSERT INTO tbl_ingredient VALUES (255,'溶き卵','個',NULL);
INSERT INTO tbl_content VALUES (785,98,256,0.12);
INSERT INTO tbl_content VALUES (786,98,256,15.00);
INSERT INTO tbl_ingredient VALUES (256,'お好みの野菜','適量',NULL);
INSERT INTO tbl_content VALUES (787,98,257,0.00);
INSERT INTO tbl_content VALUES (788,98,257,0.00);
INSERT INTO tbl_content VALUES (789,98,257,7.50);
INSERT INTO tbl_content VALUES (790,98,257,0.00);
INSERT INTO tbl_content VALUES (791,98,257,6.25);
INSERT INTO tbl_ingredient VALUES (257,'白身魚（鯛など）','g',NULL);
INSERT INTO tbl_content VALUES (792,98,258,75.00);
INSERT INTO tbl_recipe VALUES (98,'レタス巻',NULL,NULL,NULL,8,0,'http://www.s-recipe.com/local/vol125.html');
INSERT INTO tbl_content VALUES (793,99,258,0.00);
INSERT INTO tbl_content VALUES (794,99,258,1.00);
INSERT INTO tbl_content VALUES (795,99,258,1.00);
INSERT INTO tbl_ingredient VALUES (258,'カニカマ','個',NULL);
INSERT INTO tbl_content VALUES (796,99,259,3.00);
INSERT INTO tbl_ingredient VALUES (259,'のり','枚',NULL);
INSERT INTO tbl_content VALUES (797,99,260,1.00);
INSERT INTO tbl_ingredient VALUES (260,'すし酢','適量',NULL);
INSERT INTO tbl_content VALUES (798,99,261,0.00);
INSERT INTO tbl_recipe VALUES (99,'カリフラワーのピクルス',NULL,NULL,NULL,7,0,'http://www.s-recipe.com/local/vol216.html');
INSERT INTO tbl_content VALUES (799,100,261,0.00);
INSERT INTO tbl_ingredient VALUES (261,'カリフラワー','株',NULL);
INSERT INTO tbl_content VALUES (800,100,262,0.12);
INSERT INTO tbl_content VALUES (801,100,262,25.00);
INSERT INTO tbl_content VALUES (802,100,262,0.25);
INSERT INTO tbl_content VALUES (803,100,262,0.25);
INSERT INTO tbl_content VALUES (804,100,262,0.25);
INSERT INTO tbl_recipe VALUES (100,'いとこ煮',NULL,NULL,NULL,3,0,'http://www.s-recipe.com/local/vol74.html');
INSERT INTO tbl_content VALUES (805,101,262,0.00);
INSERT INTO tbl_ingredient VALUES (262,'ま醤油','大さじ',NULL);
INSERT INTO tbl_content VALUES (806,101,263,0.25);
INSERT INTO tbl_content VALUES (807,101,263,0.50);
INSERT INTO tbl_ingredient VALUES (263,'ゆであずき','g',NULL);
INSERT INTO tbl_content VALUES (808,101,264,50.00);
INSERT INTO tbl_content VALUES (809,101,264,0.12);
INSERT INTO tbl_content VALUES (810,101,264,2.00);
INSERT INTO tbl_recipe VALUES (101,'鰹の土佐造り',NULL,NULL,NULL,7,0,'http://www.s-recipe.com/local/vol08.html');
INSERT INTO tbl_content VALUES (811,102,264,0.00);
INSERT INTO tbl_content VALUES (812,102,264,0.00);
INSERT INTO tbl_ingredient VALUES (264,'貝割れ菜','P',NULL);
INSERT INTO tbl_content VALUES (813,102,265,0.25);
INSERT INTO tbl_content VALUES (814,102,265,0.12);
INSERT INTO tbl_content VALUES (815,102,265,0.00);
INSERT INTO tbl_content VALUES (816,102,265,0.50);
INSERT INTO tbl_ingredient VALUES (265,'かつお','柵',NULL);
INSERT INTO tbl_content VALUES (817,102,266,0.50);
INSERT INTO tbl_content VALUES (818,102,266,0.50);
INSERT INTO tbl_recipe VALUES (102,'鮭のちゃんちゃん焼き',NULL,NULL,NULL,1,0,'http://www.s-recipe.com/local/vol23.html');
INSERT INTO tbl_content VALUES (819,103,266,0.25);
INSERT INTO tbl_content VALUES (820,103,266,1.00);
INSERT INTO tbl_content VALUES (821,103,266,1.00);
INSERT INTO tbl_content VALUES (822,103,266,5.00);
INSERT INTO tbl_content VALUES (823,103,266,2.50);
INSERT INTO tbl_content VALUES (824,103,266,0.25);
INSERT INTO tbl_content VALUES (825,103,266,0.25);
INSERT INTO tbl_content VALUES (826,103,266,0.50);
INSERT INTO tbl_recipe VALUES (103,'冷や汁',NULL,NULL,NULL,8,0,'http://www.s-recipe.com/local/vol11.html');
INSERT INTO tbl_content VALUES (827,104,266,0.12);
INSERT INTO tbl_content VALUES (828,104,266,0.50);
INSERT INTO tbl_ingredient VALUES (266,'アジの干物','中',NULL);
INSERT INTO tbl_content VALUES (829,104,267,0.50);
INSERT INTO tbl_ingredient VALUES (267,'白すりごま','大さじ',NULL);
INSERT INTO tbl_content VALUES (830,104,268,1.50);
INSERT INTO tbl_ingredient VALUES (268,'シソの葉','枚',NULL);
INSERT INTO tbl_content VALUES (831,104,269,2.50);
INSERT INTO tbl_content VALUES (832,104,269,1.50);
INSERT INTO tbl_content VALUES (833,104,269,1.00);
INSERT INTO tbl_content VALUES (834,104,269,0.25);
INSERT INTO tbl_content VALUES (835,104,269,0.50);
INSERT INTO tbl_recipe VALUES (104,'いももち',NULL,NULL,NULL,1,0,'http://www.s-recipe.com/local/vol37.html');
INSERT INTO tbl_ingredient VALUES (269,'水溶き片栗粉','適量',NULL);
INSERT INTO tbl_content VALUES (836,105,270,0.00);
INSERT INTO tbl_content VALUES (837,105,270,0.00);
INSERT INTO tbl_content VALUES (838,105,270,1.50);
INSERT INTO tbl_content VALUES (839,105,270,0.75);
INSERT INTO tbl_content VALUES (840,105,270,0.00);
INSERT INTO tbl_content VALUES (841,105,270,0.00);
INSERT INTO tbl_content VALUES (842,105,270,1.00);
INSERT INTO tbl_recipe VALUES (105,'魚ロッケ',NULL,NULL,NULL,8,0,'http://www.s-recipe.com/local/vol195.html');
INSERT INTO tbl_content VALUES (843,106,270,0.25);
INSERT INTO tbl_content VALUES (844,106,270,0.00);
INSERT INTO tbl_content VALUES (845,106,270,0.50);
INSERT INTO tbl_ingredient VALUES (270,'パン粉','適量',NULL);
INSERT INTO tbl_content VALUES (846,106,271,0.00);
INSERT INTO tbl_content VALUES (847,106,271,0.25);
INSERT INTO tbl_ingredient VALUES (271,'白身魚のすり身','g',NULL);
INSERT INTO tbl_content VALUES (848,106,272,100.00);
INSERT INTO tbl_content VALUES (849,106,272,0.00);
INSERT INTO tbl_content VALUES (850,106,272,0.50);
INSERT INTO tbl_content VALUES (851,106,272,10.00);
INSERT INTO tbl_content VALUES (852,106,272,0.25);
INSERT INTO tbl_content VALUES (853,106,272,0.50);
INSERT INTO tbl_recipe VALUES (106,'かきのしぐれ煮',NULL,NULL,NULL,6,0,'http://www.s-recipe.com/local/vol96.html');
INSERT INTO tbl_content VALUES (854,107,272,1.00);
INSERT INTO tbl_ingredient VALUES (272,'かき','g',NULL);
INSERT INTO tbl_content VALUES (855,107,273,100.00);
INSERT INTO tbl_content VALUES (856,107,273,0.50);
INSERT INTO tbl_content VALUES (857,107,273,0.00);
INSERT INTO tbl_content VALUES (858,107,273,0.50);
INSERT INTO tbl_content VALUES (859,107,273,1.00);
INSERT INTO tbl_recipe VALUES (107,'無花果の赤ワイン煮',NULL,NULL,NULL,3,0,'http://www.s-recipe.com/local/vol136.html');
INSERT INTO tbl_content VALUES (860,108,273,3.00);
INSERT INTO tbl_ingredient VALUES (273,'赤ワイン','カップ',NULL);
INSERT INTO tbl_content VALUES (861,108,274,0.50);
INSERT INTO tbl_content VALUES (862,108,274,1.00);
INSERT INTO tbl_ingredient VALUES (274,'イチジク','〜',NULL);
INSERT INTO tbl_content VALUES (863,108,275,34.00);
INSERT INTO tbl_recipe VALUES (108,'なめこおろし汁',NULL,NULL,NULL,2,0,'http://www.s-recipe.com/local/vol171.html');
INSERT INTO tbl_content VALUES (864,109,275,0.17);
INSERT INTO tbl_content VALUES (865,109,275,0.50);
INSERT INTO tbl_content VALUES (866,109,275,0.50);
INSERT INTO tbl_content VALUES (867,109,275,5.00);
INSERT INTO tbl_content VALUES (868,109,275,1.00);
INSERT INTO tbl_content VALUES (869,109,275,0.12);
INSERT INTO tbl_content VALUES (870,109,275,0.25);
INSERT INTO tbl_content VALUES (871,109,275,1.00);
INSERT INTO tbl_ingredient VALUES (275,'なめこ','袋',NULL);
INSERT INTO tbl_content VALUES (872,109,276,0.50);
INSERT INTO tbl_recipe VALUES (109,'エスカロップ',NULL,NULL,NULL,1,0,'http://www.s-recipe.com/local/vol64.html');
INSERT INTO tbl_content VALUES (873,110,276,0.00);
INSERT INTO tbl_content VALUES (874,110,276,0.25);
INSERT INTO tbl_content VALUES (875,110,276,0.00);
INSERT INTO tbl_content VALUES (876,110,276,0.50);
INSERT INTO tbl_ingredient VALUES (276,'固形スープの素','個',NULL);
INSERT INTO tbl_content VALUES (877,110,277,0.50);
INSERT INTO tbl_content VALUES (878,110,277,7.50);
INSERT INTO tbl_ingredient VALUES (277,'たけのこの水煮','ｇ',NULL);
INSERT INTO tbl_content VALUES (879,110,278,50.00);
INSERT INTO tbl_content VALUES (880,110,278,0.50);
INSERT INTO tbl_content VALUES (881,110,278,1.00);
INSERT INTO tbl_ingredient VALUES (278,'デミグラスソース','ｇ',NULL);
INSERT INTO tbl_content VALUES (882,110,279,70.00);
INSERT INTO tbl_content VALUES (883,110,279,0.50);
INSERT INTO tbl_content VALUES (884,110,279,1.00);
INSERT INTO tbl_ingredient VALUES (279,'豚カツ','枚',NULL);
INSERT INTO tbl_content VALUES (885,110,280,1.00);
INSERT INTO tbl_recipe VALUES (110,'紅しょうがの天ぷら',NULL,NULL,NULL,5,0,'http://www.s-recipe.com/local/vol218.html');
INSERT INTO tbl_content VALUES (886,111,280,0.00);
INSERT INTO tbl_content VALUES (887,111,280,0.00);
INSERT INTO tbl_ingredient VALUES (280,'紅しょうが(60g )','袋',NULL);
INSERT INTO tbl_content VALUES (888,111,281,0.50);
INSERT INTO tbl_content VALUES (889,111,281,0.00);
INSERT INTO tbl_recipe VALUES (111,'おやき',NULL,NULL,NULL,4,0,'http://www.s-recipe.com/local/vol13.html');
INSERT INTO tbl_content VALUES (890,112,281,65.00);
INSERT INTO tbl_content VALUES (891,112,281,7.50);
INSERT INTO tbl_content VALUES (892,112,281,0.00);
INSERT INTO tbl_ingredient VALUES (281,'野沢菜漬','適量',NULL);
INSERT INTO tbl_content VALUES (893,112,282,0.00);
INSERT INTO tbl_content VALUES (894,112,282,100.00);
INSERT INTO tbl_recipe VALUES (112,'いも天',NULL,NULL,NULL,7,0,'http://www.s-recipe.com/local/vol149.html');
INSERT INTO tbl_content VALUES (895,113,282,0.25);
INSERT INTO tbl_content VALUES (896,113,282,0.00);
INSERT INTO tbl_content VALUES (897,113,282,0.50);
INSERT INTO tbl_content VALUES (898,113,282,0.25);
INSERT INTO tbl_recipe VALUES (113,'鶏つくねと若竹煮',NULL,NULL,NULL,3,0,'http://www.s-recipe.com/local/vol54.html');
INSERT INTO tbl_content VALUES (899,114,282,1.00);
INSERT INTO tbl_content VALUES (900,114,282,0.12);
INSERT INTO tbl_ingredient VALUES (282,'鶏胸挽き肉','g',NULL);
INSERT INTO tbl_content VALUES (901,114,283,75.00);
INSERT INTO tbl_content VALUES (902,114,283,0.50);
INSERT INTO tbl_content VALUES (903,114,283,0.25);
INSERT INTO tbl_ingredient VALUES (283,'たけのこ','小',NULL);
INSERT INTO tbl_content VALUES (904,114,284,0.50);
INSERT INTO tbl_content VALUES (905,114,284,0.17);
INSERT INTO tbl_content VALUES (906,114,284,0.50);
INSERT INTO tbl_ingredient VALUES (284,'わかめ','適宜',NULL);
INSERT INTO tbl_content VALUES (907,114,285,0.00);
INSERT INTO tbl_content VALUES (908,114,285,1.00);
INSERT INTO tbl_recipe VALUES (114,'玉こんにゃく2',NULL,NULL,NULL,2,0,'http://www.s-recipe.com/local/vol131.html');
INSERT INTO tbl_content VALUES (909,115,285,0.17);
INSERT INTO tbl_ingredient VALUES (285,'玉こんにゃく','袋',NULL);
INSERT INTO tbl_content VALUES (910,115,286,0.50);
INSERT INTO tbl_content VALUES (911,115,286,0.50);
INSERT INTO tbl_ingredient VALUES (286,'辛子','適量',NULL);
INSERT INTO tbl_content VALUES (912,115,287,0.00);
INSERT INTO tbl_ingredient VALUES (287,'スルメの足','本',NULL);
INSERT INTO tbl_content VALUES (913,115,288,0.50);
INSERT INTO tbl_content VALUES (914,115,288,1.00);
INSERT INTO tbl_recipe VALUES (115,'玉こんにゃく1',NULL,NULL,NULL,2,0,'http://www.s-recipe.com/local/vol66.html');
INSERT INTO tbl_content VALUES (915,116,288,25.00);
INSERT INTO tbl_ingredient VALUES (288,'スルメ','適宜',NULL);
INSERT INTO tbl_content VALUES (916,116,289,0.00);
INSERT INTO tbl_content VALUES (917,116,289,0.50);
INSERT INTO tbl_content VALUES (918,116,289,0.75);
INSERT INTO tbl_content VALUES (919,116,289,0.00);
INSERT INTO tbl_content VALUES (920,116,289,0.75);
INSERT INTO tbl_recipe VALUES (116,'けんちょう2',NULL,NULL,NULL,6,0,'http://www.s-recipe.com/local/vol166.html');
INSERT INTO tbl_content VALUES (921,117,289,0.50);
INSERT INTO tbl_content VALUES (922,117,289,0.50);
INSERT INTO tbl_content VALUES (923,117,289,1.00);
INSERT INTO tbl_content VALUES (924,117,289,0.12);
INSERT INTO tbl_content VALUES (925,117,289,0.25);
INSERT INTO tbl_content VALUES (926,117,289,1.00);
INSERT INTO tbl_content VALUES (927,117,289,1.50);
INSERT INTO tbl_content VALUES (928,117,289,0.25);
INSERT INTO tbl_content VALUES (929,117,289,1.50);
INSERT INTO tbl_content VALUES (930,117,289,0.50);
INSERT INTO tbl_recipe VALUES (117,'けんちょう1',NULL,NULL,NULL,6,0,'http://www.s-recipe.com/local/vol76.html');
INSERT INTO tbl_content VALUES (931,118,289,0.50);
INSERT INTO tbl_content VALUES (932,118,289,0.25);
INSERT INTO tbl_content VALUES (933,118,289,0.12);
INSERT INTO tbl_content VALUES (934,118,289,0.25);
INSERT INTO tbl_content VALUES (935,118,289,0.25);
INSERT INTO tbl_content VALUES (936,118,289,0.25);
INSERT INTO tbl_content VALUES (937,118,289,0.75);
INSERT INTO tbl_ingredient VALUES (289,'木綿豆腐','丁',NULL);
INSERT INTO tbl_content VALUES (938,118,290,0.25);
INSERT INTO tbl_recipe VALUES (118,'鶏のから揚げ',NULL,NULL,NULL,8,0,'http://www.s-recipe.com/local/vol117.html');
INSERT INTO tbl_ingredient VALUES (290,'しょうが汁','小さじ',NULL);
INSERT INTO tbl_content VALUES (939,119,291,0.50);
INSERT INTO tbl_content VALUES (940,119,291,0.50);
INSERT INTO tbl_content VALUES (941,119,291,0.25);
INSERT INTO tbl_content VALUES (942,119,291,35.00);
INSERT INTO tbl_content VALUES (943,119,291,0.50);
INSERT INTO tbl_content VALUES (944,119,291,0.50);
INSERT INTO tbl_content VALUES (945,119,291,0.25);
INSERT INTO tbl_recipe VALUES (119,'やちゃら',NULL,NULL,NULL,4,0,'http://www.s-recipe.com/local/vol53.html');
INSERT INTO tbl_content VALUES (946,120,291,1.00);
INSERT INTO tbl_content VALUES (947,120,291,0.00);
INSERT INTO tbl_ingredient VALUES (291,'角麩','個',NULL);
INSERT INTO tbl_content VALUES (948,120,292,1.00);
INSERT INTO tbl_ingredient VALUES (292,'長いも','cm',NULL);
INSERT INTO tbl_content VALUES (949,120,293,1.50);
INSERT INTO tbl_content VALUES (950,120,293,0.00);
INSERT INTO tbl_content VALUES (951,120,293,1.00);
INSERT INTO tbl_ingredient VALUES (293,'糸寒天','グラム',NULL);
INSERT INTO tbl_content VALUES (952,120,294,1.00);
INSERT INTO tbl_content VALUES (953,120,294,1.00);
INSERT INTO tbl_content VALUES (954,120,294,1.00);
INSERT INTO tbl_ingredient VALUES (294,'かぶ(葉付き)','個',NULL);
INSERT INTO tbl_content VALUES (955,120,295,0.50);
INSERT INTO tbl_content VALUES (956,120,295,0.50);
INSERT INTO tbl_recipe VALUES (120,'べっこう',NULL,NULL,NULL,4,0,'http://www.s-recipe.com/local/vol06.html');
INSERT INTO tbl_content VALUES (957,121,295,0.00);
INSERT INTO tbl_content VALUES (958,121,295,0.50);
INSERT INTO tbl_ingredient VALUES (295,'寒天','本',NULL);
INSERT INTO tbl_content VALUES (959,121,296,0.25);
INSERT INTO tbl_content VALUES (960,121,296,10.00);
INSERT INTO tbl_content VALUES (961,121,296,0.50);
INSERT INTO tbl_ingredient VALUES (296,'水または出し汁','cc',NULL);
INSERT INTO tbl_content VALUES (962,121,297,125.00);
INSERT INTO tbl_recipe VALUES (121,'ゴーヤチャンプル',NULL,NULL,NULL,8,0,'http://www.s-recipe.com/local/vol59.html');
INSERT INTO tbl_ingredient VALUES (297,'豚もも薄切り肉','ｇ',NULL);
INSERT INTO tbl_content VALUES (963,122,298,100.00);
INSERT INTO tbl_content VALUES (964,122,298,0.50);
INSERT INTO tbl_content VALUES (965,122,298,1.00);
INSERT INTO tbl_content VALUES (966,122,298,0.50);
INSERT INTO tbl_ingredient VALUES (298,'塩コショウ','適量',NULL);
INSERT INTO tbl_content VALUES (967,122,299,0.00);
INSERT INTO tbl_content VALUES (968,122,299,0.50);
INSERT INTO tbl_content VALUES (969,122,299,0.00);
INSERT INTO tbl_ingredient VALUES (299,'ゴーヤ','本',NULL);
INSERT INTO tbl_content VALUES (970,122,300,0.50);
INSERT INTO tbl_recipe VALUES (122,'茶粥',NULL,NULL,NULL,5,0,'http://www.s-recipe.com/local/vol47.html');
INSERT INTO tbl_content VALUES (971,123,300,0.00);
INSERT INTO tbl_ingredient VALUES (300,'ほうじ茶','大さじ',NULL);
INSERT INTO tbl_content VALUES (972,123,301,0.50);
INSERT INTO tbl_ingredient VALUES (301,'冷ご飯','茶碗',NULL);
INSERT INTO tbl_content VALUES (973,123,302,0.50);
INSERT INTO tbl_content VALUES (974,123,302,1.50);
INSERT INTO tbl_recipe VALUES (123,'クーブイリチー',NULL,NULL,NULL,8,0,'http://www.s-recipe.com/local/vol196.html');
INSERT INTO tbl_content VALUES (975,124,302,0.00);
INSERT INTO tbl_content VALUES (976,124,302,0.75);
INSERT INTO tbl_ingredient VALUES (302,'刻み昆布','g',NULL);
INSERT INTO tbl_content VALUES (977,124,303,37.50);
INSERT INTO tbl_ingredient VALUES (303,'丸天','g',NULL);
INSERT INTO tbl_content VALUES (978,124,304,25.00);
INSERT INTO tbl_content VALUES (979,124,304,0.25);
INSERT INTO tbl_content VALUES (980,124,304,0.12);
INSERT INTO tbl_content VALUES (981,124,304,25.00);
INSERT INTO tbl_content VALUES (982,124,304,0.75);
INSERT INTO tbl_content VALUES (983,124,304,0.88);
INSERT INTO tbl_content VALUES (984,124,304,0.12);
INSERT INTO tbl_recipe VALUES (124,'そぼろ納豆1',NULL,NULL,NULL,3,0,'http://www.s-recipe.com/local/vol77.html');
INSERT INTO tbl_content VALUES (985,125,304,0.25);
INSERT INTO tbl_content VALUES (986,125,304,0.50);
INSERT INTO tbl_content VALUES (987,125,304,15.00);
INSERT INTO tbl_ingredient VALUES (304,'こうじ','g',NULL);
INSERT INTO tbl_content VALUES (988,125,305,15.00);
INSERT INTO tbl_content VALUES (989,125,305,50.00);
INSERT INTO tbl_recipe VALUES (125,'ねぎぬた',NULL,NULL,NULL,3,0,'http://www.s-recipe.com/local/vol70.html');
INSERT INTO tbl_content VALUES (990,126,305,0.83);
INSERT INTO tbl_content VALUES (991,126,305,0.75);
INSERT INTO tbl_content VALUES (992,126,305,0.75);
INSERT INTO tbl_ingredient VALUES (305,'すり白ごま','大さじ',NULL);
INSERT INTO tbl_content VALUES (993,126,306,1.00);
INSERT INTO tbl_content VALUES (994,126,306,1.00);
INSERT INTO tbl_recipe VALUES (126,'くるみじょうゆ餅',NULL,NULL,NULL,2,0,'http://www.s-recipe.com/local/vol94.html');
INSERT INTO tbl_content VALUES (995,127,306,1.00);
INSERT INTO tbl_content VALUES (996,127,306,0.25);
INSERT INTO tbl_ingredient VALUES (306,'餅','個',NULL);
INSERT INTO tbl_content VALUES (997,127,307,2.00);
INSERT INTO tbl_ingredient VALUES (307,'むきくるみ','g',NULL);
INSERT INTO tbl_content VALUES (998,127,308,12.50);
INSERT INTO tbl_recipe VALUES (127,'りんごの甘露煮',NULL,NULL,NULL,2,0,'http://www.s-recipe.com/local/vol138.html');
INSERT INTO tbl_content VALUES (999,128,308,0.00);
INSERT INTO tbl_content VALUES (1000,128,308,1.00);
INSERT INTO tbl_ingredient VALUES (308,'りんご','個',NULL);
INSERT INTO tbl_content VALUES (1001,128,309,1.00);
INSERT INTO tbl_recipe VALUES (128,'きらすまめし',NULL,NULL,NULL,8,0,'http://www.s-recipe.com/local/vol31.html');
INSERT INTO tbl_ingredient VALUES (309,'かぼす','個',NULL);
INSERT INTO tbl_content VALUES (1002,129,310,0.50);
INSERT INTO tbl_ingredient VALUES (310,'あじ(ブリ、カツオ、サバ)','g',NULL);
INSERT INTO tbl_content VALUES (1003,129,311,50.00);
INSERT INTO tbl_ingredient VALUES (311,'青じそ','〜',NULL);
INSERT INTO tbl_content VALUES (1004,129,312,17.50);
INSERT INTO tbl_content VALUES (1005,129,312,50.00);
INSERT INTO tbl_content VALUES (1006,129,312,0.50);
INSERT INTO tbl_content VALUES (1007,129,312,0.50);
INSERT INTO tbl_content VALUES (1008,129,312,0.00);
INSERT INTO tbl_recipe VALUES (129,'手羽先の唐揚',NULL,NULL,NULL,4,0,'http://www.s-recipe.com/local/vol113.html');
INSERT INTO tbl_content VALUES (1009,130,312,0.00);
INSERT INTO tbl_content VALUES (1010,130,312,12.50);
INSERT INTO tbl_content VALUES (1011,130,312,0.50);
INSERT INTO tbl_content VALUES (1012,130,312,0.00);
INSERT INTO tbl_content VALUES (1013,130,312,0.00);
INSERT INTO tbl_content VALUES (1014,130,312,0.00);
INSERT INTO tbl_content VALUES (1015,130,312,0.50);
INSERT INTO tbl_content VALUES (1016,130,312,0.25);
INSERT INTO tbl_content VALUES (1017,130,312,12.50);
INSERT INTO tbl_content VALUES (1018,130,312,0.50);
INSERT INTO tbl_ingredient VALUES (312,'手羽先','本',NULL);
INSERT INTO tbl_content VALUES (1019,130,313,5.00);
INSERT INTO tbl_recipe VALUES (130,'なすのがんぜきあえ',NULL,NULL,NULL,6,0,'http://www.s-recipe.com/local/vol204.html');
INSERT INTO tbl_content VALUES (1020,131,313,5.00);
INSERT INTO tbl_content VALUES (1021,131,313,0.75);
INSERT INTO tbl_content VALUES (1022,131,313,7.50);
INSERT INTO tbl_content VALUES (1023,131,313,5.00);
INSERT INTO tbl_content VALUES (1024,131,313,0.50);
INSERT INTO tbl_recipe VALUES (131,'うざく',NULL,NULL,NULL,5,0,'http://www.s-recipe.com/local/vol108.html');
INSERT INTO tbl_content VALUES (1025,132,313,0.00);
INSERT INTO tbl_content VALUES (1026,132,313,0.50);
INSERT INTO tbl_content VALUES (1027,132,313,0.50);
INSERT INTO tbl_content VALUES (1028,132,313,0.00);
INSERT INTO tbl_content VALUES (1029,132,313,1.00);
INSERT INTO tbl_ingredient VALUES (313,'米酢','大さじ',NULL);
INSERT INTO tbl_content VALUES (1030,132,314,2.00);
INSERT INTO tbl_ingredient VALUES (314,'うなぎ蒲焼','尾',NULL);
INSERT INTO tbl_content VALUES (1031,132,315,0.25);
INSERT INTO tbl_content VALUES (1032,132,315,1.00);
INSERT INTO tbl_content VALUES (1033,132,315,0.50);
INSERT INTO tbl_recipe VALUES (132,'深川飯',NULL,NULL,NULL,3,0,'http://www.s-recipe.com/local/vol04.html');
INSERT INTO tbl_content VALUES (1034,133,315,1.00);
INSERT INTO tbl_ingredient VALUES (315,'椎茸の戻し汁','cc',NULL);
INSERT INTO tbl_content VALUES (1035,133,316,25.00);
INSERT INTO tbl_ingredient VALUES (316,'殻つきあさり','ｇ',NULL);
INSERT INTO tbl_content VALUES (1036,133,317,150.00);
INSERT INTO tbl_content VALUES (1037,133,317,1.00);
INSERT INTO tbl_content VALUES (1038,133,317,1.50);
INSERT INTO tbl_ingredient VALUES (317,'ダシ昆布','cm',NULL);
INSERT INTO tbl_content VALUES (1039,133,318,2.50);
INSERT INTO tbl_content VALUES (1040,133,318,75.00);
INSERT INTO tbl_ingredient VALUES (318,'生姜薄切り','枚分を千切り',NULL);
INSERT INTO tbl_content VALUES (1041,133,319,1.50);
INSERT INTO tbl_content VALUES (1042,133,319,0.50);
INSERT INTO tbl_content VALUES (1043,133,319,1.50);
INSERT INTO tbl_content VALUES (1044,133,319,1.50);
INSERT INTO tbl_recipe VALUES (133,'一文字グルグル',NULL,NULL,NULL,8,0,'http://www.s-recipe.com/local/vol137.html');
INSERT INTO tbl_ingredient VALUES (319,'葱（わけぎ）','束',NULL);
INSERT INTO tbl_content VALUES (1045,134,320,0.50);
INSERT INTO tbl_content VALUES (1046,134,320,0.75);
INSERT INTO tbl_content VALUES (1047,134,320,1.00);
INSERT INTO tbl_ingredient VALUES (320,'白味噌','大さじ',NULL);
INSERT INTO tbl_content VALUES (1048,134,321,2.00);
INSERT INTO tbl_recipe VALUES (134,'かつお飯',NULL,NULL,NULL,7,0,'http://www.s-recipe.com/local/vol148.html');
INSERT INTO tbl_content VALUES (1049,135,321,0.25);
INSERT INTO tbl_content VALUES (1050,135,321,0.75);
INSERT INTO tbl_content VALUES (1051,135,321,0.50);
INSERT INTO tbl_content VALUES (1052,135,321,1.00);
INSERT INTO tbl_ingredient VALUES (321,'かつおのたたき添付のたれ','適宜',NULL);
INSERT INTO tbl_content VALUES (1053,135,322,0.00);
INSERT INTO tbl_ingredient VALUES (322,'干ししいたけの戻し汁','適宜',NULL);
INSERT INTO tbl_content VALUES (1054,135,323,0.00);
INSERT INTO tbl_content VALUES (1055,135,323,2.50);
INSERT INTO tbl_ingredient VALUES (323,'かつおのたたき','さく',NULL);
INSERT INTO tbl_content VALUES (1056,135,324,0.25);
INSERT INTO tbl_content VALUES (1057,135,324,25.00);
INSERT INTO tbl_content VALUES (1058,135,324,1.00);
INSERT INTO tbl_ingredient VALUES (324,'白いりごま','適宜',NULL);
INSERT INTO tbl_content VALUES (1059,135,325,0.00);
INSERT INTO tbl_recipe VALUES (135,'イカ人参',NULL,NULL,NULL,2,0,'http://www.s-recipe.com/local/vol75.html');
INSERT INTO tbl_content VALUES (1060,136,325,0.25);
INSERT INTO tbl_content VALUES (1061,136,325,0.50);
INSERT INTO tbl_content VALUES (1062,136,325,0.00);
INSERT INTO tbl_content VALUES (1063,136,325,0.50);
INSERT INTO tbl_ingredient VALUES (325,'赤唐辛子','本',NULL);
INSERT INTO tbl_content VALUES (1064,136,326,0.25);
INSERT INTO tbl_content VALUES (1065,136,326,1.00);
INSERT INTO tbl_content VALUES (1066,136,326,0.50);
INSERT INTO tbl_recipe VALUES (136,'あちゃら漬け',NULL,NULL,NULL,8,0,'http://www.s-recipe.com/local/vol128.html');
INSERT INTO tbl_ingredient VALUES (326,'タカノツメ','本',NULL);
INSERT INTO tbl_content VALUES (1067,137,327,0.50);
INSERT INTO tbl_content VALUES (1068,137,327,0.10);
INSERT INTO tbl_content VALUES (1069,137,327,0.25);
INSERT INTO tbl_content VALUES (1070,137,327,25.00);
INSERT INTO tbl_ingredient VALUES (327,'新ショウガ','小',NULL);
INSERT INTO tbl_content VALUES (1071,137,328,0.50);
INSERT INTO tbl_content VALUES (1072,137,328,0.75);
INSERT INTO tbl_content VALUES (1073,137,328,0.17);
INSERT INTO tbl_content VALUES (1074,137,328,50.00);
INSERT INTO tbl_ingredient VALUES (328,'昆布だし汁','cc',NULL);
INSERT INTO tbl_content VALUES (1075,137,329,50.00);
INSERT INTO tbl_recipe VALUES (137,'ピーナッツ味噌',NULL,NULL,NULL,3,0,'http://www.s-recipe.com/local/vol78.html');
INSERT INTO tbl_ingredient VALUES (329,'落花生','カップ',NULL);
INSERT INTO tbl_content VALUES (1076,138,330,0.25);
INSERT INTO tbl_content VALUES (1077,138,330,0.50);
INSERT INTO tbl_content VALUES (1078,138,330,0.50);
INSERT INTO tbl_content VALUES (1079,138,330,0.50);
INSERT INTO tbl_content VALUES (1080,138,330,0.50);
INSERT INTO tbl_ingredient VALUES (330,'赤味噌','大さじ',NULL);
INSERT INTO tbl_content VALUES (1081,138,331,1.00);
INSERT INTO tbl_content VALUES (1082,138,331,1.25);
INSERT INTO tbl_recipe VALUES (138,'ののこ飯',NULL,NULL,NULL,6,0,'http://www.s-recipe.com/local/vol42.html');
INSERT INTO tbl_content VALUES (1083,139,331,0.12);
INSERT INTO tbl_content VALUES (1084,139,331,0.50);
INSERT INTO tbl_content VALUES (1085,139,331,0.50);
INSERT INTO tbl_content VALUES (1086,139,331,2.00);
INSERT INTO tbl_content VALUES (1087,139,331,0.50);
INSERT INTO tbl_content VALUES (1088,139,331,0.50);
INSERT INTO tbl_content VALUES (1089,139,331,1.00);
INSERT INTO tbl_content VALUES (1090,139,331,0.12);
INSERT INTO tbl_content VALUES (1091,139,331,5.00);
INSERT INTO tbl_content VALUES (1092,139,331,25.00);
INSERT INTO tbl_content VALUES (1093,139,331,1.50);
INSERT INTO tbl_content VALUES (1094,139,331,0.50);
INSERT INTO tbl_content VALUES (1095,139,331,50.00);
INSERT INTO tbl_recipe VALUES (139,'てこね寿司',NULL,NULL,NULL,5,0,'http://www.s-recipe.com/local/vol33.html');
INSERT INTO tbl_content VALUES (1096,140,331,0.50);
INSERT INTO tbl_ingredient VALUES (331,'白ごま（炒り）','大さじ',NULL);
INSERT INTO tbl_content VALUES (1097,140,332,0.50);
INSERT INTO tbl_content VALUES (1098,140,332,5.00);
INSERT INTO tbl_ingredient VALUES (332,'温かい寿司飯','合分',NULL);
INSERT INTO tbl_content VALUES (1099,140,333,1.00);
INSERT INTO tbl_content VALUES (1100,140,333,0.50);
INSERT INTO tbl_content VALUES (1101,140,333,15.00);
INSERT INTO tbl_ingredient VALUES (333,'かつおの刺身','ｇ',NULL);
INSERT INTO tbl_content VALUES (1102,140,334,125.00);
INSERT INTO tbl_recipe VALUES (140,'きりたんぽ鍋1',NULL,NULL,NULL,2,0,'http://www.s-recipe.com/local/vol25.html');
INSERT INTO tbl_content VALUES (1103,141,334,2.00);
INSERT INTO tbl_content VALUES (1104,141,334,1.00);
INSERT INTO tbl_content VALUES (1105,141,334,1.50);
INSERT INTO tbl_content VALUES (1106,141,334,0.50);
INSERT INTO tbl_content VALUES (1107,141,334,0.50);
INSERT INTO tbl_content VALUES (1108,141,334,0.50);
INSERT INTO tbl_content VALUES (1109,141,334,0.50);
INSERT INTO tbl_ingredient VALUES (334,'しめじ','パック',NULL);
INSERT INTO tbl_content VALUES (1110,141,335,0.50);
INSERT INTO tbl_content VALUES (1111,141,335,0.00);
INSERT INTO tbl_content VALUES (1112,141,335,2.50);
INSERT INTO tbl_content VALUES (1113,141,335,1.50);
INSERT INTO tbl_recipe VALUES (141,'しらす丼',NULL,NULL,NULL,3,0,'http://www.s-recipe.com/local/vol41.html');
INSERT INTO tbl_content VALUES (1114,142,335,0.50);
INSERT INTO tbl_content VALUES (1115,142,335,1.00);
INSERT INTO tbl_content VALUES (1116,142,335,17.50);
INSERT INTO tbl_content VALUES (1117,142,335,0.50);
INSERT INTO tbl_content VALUES (1118,142,335,0.50);
INSERT INTO tbl_ingredient VALUES (335,'釜揚げしらす','g',NULL);
INSERT INTO tbl_content VALUES (1119,142,336,40.00);
INSERT INTO tbl_content VALUES (1120,142,336,0.00);
INSERT INTO tbl_recipe VALUES (142,'タコライス',NULL,NULL,NULL,8,0,'http://www.s-recipe.com/local/vol129.html');
INSERT INTO tbl_content VALUES (1121,143,336,0.00);
INSERT INTO tbl_content VALUES (1122,143,336,1.00);
INSERT INTO tbl_ingredient VALUES (336,'サルサソース','適宜',NULL);
INSERT INTO tbl_content VALUES (1123,143,337,0.00);
INSERT INTO tbl_content VALUES (1124,143,337,1.50);
INSERT INTO tbl_content VALUES (1125,143,337,0.50);
INSERT INTO tbl_ingredient VALUES (337,'牛挽肉','g',NULL);
INSERT INTO tbl_content VALUES (1126,143,338,75.00);
INSERT INTO tbl_ingredient VALUES (338,'オリーブオイル','大さじ',NULL);
INSERT INTO tbl_content VALUES (1127,143,339,0.25);
INSERT INTO tbl_content VALUES (1128,143,339,0.00);
INSERT INTO tbl_content VALUES (1129,143,339,0.50);
INSERT INTO tbl_content VALUES (1130,143,339,0.50);
INSERT INTO tbl_content VALUES (1131,143,339,0.75);
INSERT INTO tbl_recipe VALUES (143,'大根そば(群馬県と栃木県にまたがる両毛地域)',NULL,NULL,NULL,3,0,'http://www.s-recipe.com/local/vol114.html');
INSERT INTO tbl_ingredient VALUES (339,'そばつゆ','適量',NULL);
INSERT INTO tbl_content VALUES (1132,144,340,0.00);
INSERT INTO tbl_ingredient VALUES (340,'そば','人分',NULL);
INSERT INTO tbl_content VALUES (1133,144,341,1.00);
INSERT INTO tbl_content VALUES (1134,144,341,0.10);
INSERT INTO tbl_recipe VALUES (144,'茄子のオランダ煮',NULL,NULL,NULL,4,0,'http://www.s-recipe.com/local/vol153.html');
INSERT INTO tbl_ingredient VALUES (341,'赤唐辛子（輪切り）','少々',NULL);
INSERT INTO tbl_content VALUES (1135,145,342,0.00);
INSERT INTO tbl_content VALUES (1136,145,342,2.50);
INSERT INTO tbl_content VALUES (1137,145,342,0.50);
INSERT INTO tbl_content VALUES (1138,145,342,100.00);
INSERT INTO tbl_content VALUES (1139,145,342,0.50);
INSERT INTO tbl_content VALUES (1140,145,342,1.00);
INSERT INTO tbl_content VALUES (1141,145,342,0.50);
INSERT INTO tbl_recipe VALUES (145,'出雲そば',NULL,NULL,NULL,6,0,'http://www.s-recipe.com/local/vol213.html');
INSERT INTO tbl_ingredient VALUES (342,'出雲そば','g',NULL);
INSERT INTO tbl_content VALUES (1142,146,343,60.00);
INSERT INTO tbl_content VALUES (1143,146,343,0.00);
INSERT INTO tbl_content VALUES (1144,146,343,1.00);
INSERT INTO tbl_content VALUES (1145,146,343,0.12);
INSERT INTO tbl_content VALUES (1146,146,343,0.00);
INSERT INTO tbl_content VALUES (1147,146,343,0.12);
INSERT INTO tbl_recipe VALUES (146,'かつおめし',NULL,NULL,NULL,3,0,'http://www.s-recipe.com/local/vol56.html');
INSERT INTO tbl_content VALUES (1148,147,343,175.00);
INSERT INTO tbl_content VALUES (1149,147,343,1.00);
INSERT INTO tbl_content VALUES (1150,147,343,0.50);
INSERT INTO tbl_content VALUES (1151,147,343,2.50);
INSERT INTO tbl_content VALUES (1152,147,343,5.00);
INSERT INTO tbl_content VALUES (1153,147,343,0.12);
INSERT INTO tbl_content VALUES (1154,147,343,0.00);
INSERT INTO tbl_content VALUES (1155,147,343,0.50);
INSERT INTO tbl_content VALUES (1156,147,343,1.00);
INSERT INTO tbl_content VALUES (1157,147,343,0.00);
INSERT INTO tbl_recipe VALUES (147,'小田巻蒸し',NULL,NULL,NULL,5,0,'http://www.s-recipe.com/local/vol45.html');
INSERT INTO tbl_content VALUES (1158,148,343,150.00);
INSERT INTO tbl_content VALUES (1159,148,343,0.17);
INSERT INTO tbl_content VALUES (1160,148,343,0.50);
INSERT INTO tbl_content VALUES (1161,148,343,0.25);
INSERT INTO tbl_content VALUES (1162,148,343,0.50);
INSERT INTO tbl_content VALUES (1163,148,343,1.00);
INSERT INTO tbl_content VALUES (1164,148,343,0.12);
INSERT INTO tbl_content VALUES (1165,148,343,0.12);
INSERT INTO tbl_content VALUES (1166,148,343,0.50);
INSERT INTO tbl_ingredient VALUES (343,'芝海老','尾',NULL);
INSERT INTO tbl_content VALUES (1167,148,344,1.00);
INSERT INTO tbl_recipe VALUES (148,'きゃらぶき',NULL,NULL,NULL,4,0,'http://www.s-recipe.com/local/vol80.html');
INSERT INTO tbl_content VALUES (1168,149,344,0.00);
INSERT INTO tbl_content VALUES (1169,149,344,0.50);
INSERT INTO tbl_content VALUES (1170,149,344,1.00);
INSERT INTO tbl_content VALUES (1171,149,344,40.00);
INSERT INTO tbl_content VALUES (1172,149,344,150.00);
INSERT INTO tbl_content VALUES (1173,149,344,0.50);
INSERT INTO tbl_content VALUES (1174,149,344,5.00);
INSERT INTO tbl_content VALUES (1175,149,344,1.00);
INSERT INTO tbl_content VALUES (1176,149,344,40.00);
INSERT INTO tbl_ingredient VALUES (344,'山蕗','把',NULL);
INSERT INTO tbl_content VALUES (1177,149,345,1.00);
INSERT INTO tbl_recipe VALUES (149,'おはぎ',NULL,NULL,NULL,6,0,'http://www.s-recipe.com/local/vol133.html');
INSERT INTO tbl_content VALUES (1178,150,345,0.00);
INSERT INTO tbl_ingredient VALUES (345,'小豆','合',NULL);
INSERT INTO tbl_content VALUES (1179,150,346,1.00);
INSERT INTO tbl_content VALUES (1180,150,346,1.00);
INSERT INTO tbl_content VALUES (1181,150,346,0.50);
INSERT INTO tbl_content VALUES (1182,150,346,100.00);
INSERT INTO tbl_recipe VALUES (150,'船場汁',NULL,NULL,NULL,5,0,'http://www.s-recipe.com/local/vol50.html');
INSERT INTO tbl_content VALUES (1183,151,346,0.00);
INSERT INTO tbl_ingredient VALUES (346,'塩さば','切れ',NULL);
INSERT INTO tbl_content VALUES (1184,151,347,1.00);
INSERT INTO tbl_content VALUES (1185,151,347,0.10);
INSERT INTO tbl_content VALUES (1186,151,347,0.12);
INSERT INTO tbl_content VALUES (1187,151,347,2.50);
INSERT INTO tbl_content VALUES (1188,151,347,0.25);
INSERT INTO tbl_recipe VALUES (151,'ねりくり',NULL,NULL,NULL,8,0,'http://www.s-recipe.com/local/vol88.html');
INSERT INTO tbl_content VALUES (1189,152,347,0.00);
INSERT INTO tbl_content VALUES (1190,152,347,0.50);
INSERT INTO tbl_content VALUES (1191,152,347,250.50);
INSERT INTO tbl_content VALUES (1192,152,347,0.50);
INSERT INTO tbl_content VALUES (1193,152,347,0.00);
INSERT INTO tbl_recipe VALUES (152,'ずんだ餅',NULL,NULL,NULL,2,0,'http://www.s-recipe.com/local/vol10.html');
INSERT INTO tbl_content VALUES (1194,153,347,0.00);
INSERT INTO tbl_ingredient VALUES (347,'餅または白玉','〜',NULL);
INSERT INTO tbl_content VALUES (1195,153,348,405.00);
INSERT INTO tbl_ingredient VALUES (348,'枝豆','束',NULL);
INSERT INTO tbl_content VALUES (1196,153,349,0.50);
INSERT INTO tbl_content VALUES (1197,153,349,0.00);
INSERT INTO tbl_recipe VALUES (153,'釜玉うどん',NULL,NULL,NULL,7,0,'http://www.s-recipe.com/local/vol184.html');
INSERT INTO tbl_content VALUES (1198,154,349,1.00);
INSERT INTO tbl_ingredient VALUES (349,'だししょうゆ（またはめんつゆ）','適量',NULL);
INSERT INTO tbl_content VALUES (1199,154,350,0.00);
INSERT INTO tbl_ingredient VALUES (350,'讃岐うどん','人分',NULL);
INSERT INTO tbl_content VALUES (1200,154,351,1.00);
INSERT INTO tbl_content VALUES (1201,154,351,1.00);
INSERT INTO tbl_recipe VALUES (154,'おでんぶ',NULL,NULL,NULL,7,0,'http://www.s-recipe.com/local/vol186.html');
INSERT INTO tbl_content VALUES (1202,155,351,0.25);
INSERT INTO tbl_content VALUES (1203,155,351,0.50);
INSERT INTO tbl_content VALUES (1204,155,351,5.00);
INSERT INTO tbl_content VALUES (1205,155,351,325.00);
INSERT INTO tbl_content VALUES (1206,155,351,1.00);
INSERT INTO tbl_content VALUES (1207,155,351,2.00);
INSERT INTO tbl_content VALUES (1208,155,351,0.25);
INSERT INTO tbl_content VALUES (1209,155,351,1.00);
INSERT INTO tbl_content VALUES (1210,155,351,1.00);
INSERT INTO tbl_recipe VALUES (155,'法度汁',NULL,NULL,NULL,3,0,'http://www.s-recipe.com/local/vol01.html');
INSERT INTO tbl_content VALUES (1211,156,351,0.00);
INSERT INTO tbl_content VALUES (1212,156,351,300.00);
INSERT INTO tbl_content VALUES (1213,156,351,5.00);
INSERT INTO tbl_content VALUES (1214,156,351,0.00);
INSERT INTO tbl_content VALUES (1215,156,351,1.00);
INSERT INTO tbl_content VALUES (1216,156,351,0.25);
INSERT INTO tbl_content VALUES (1217,156,351,0.17);
INSERT INTO tbl_content VALUES (1218,156,351,1.00);
INSERT INTO tbl_ingredient VALUES (351,'青菜','束',NULL);
INSERT INTO tbl_content VALUES (1219,156,352,0.12);
INSERT INTO tbl_recipe VALUES (156,'うに飯',NULL,NULL,NULL,8,0,'http://www.s-recipe.com/local/vol200.html');
INSERT INTO tbl_content VALUES (1220,157,352,0.25);
INSERT INTO tbl_ingredient VALUES (352,'生うに','g',NULL);
INSERT INTO tbl_content VALUES (1221,157,353,30.00);
INSERT INTO tbl_content VALUES (1222,157,353,0.50);
INSERT INTO tbl_content VALUES (1223,157,353,1.00);
INSERT INTO tbl_content VALUES (1224,157,353,0.50);
INSERT INTO tbl_content VALUES (1225,157,353,1.00);
INSERT INTO tbl_content VALUES (1226,157,353,0.50);
INSERT INTO tbl_content VALUES (1227,157,353,0.50);
INSERT INTO tbl_content VALUES (1228,157,353,0.17);
INSERT INTO tbl_content VALUES (1229,157,353,1.00);
INSERT INTO tbl_recipe VALUES (157,'大根のきんぴら',NULL,NULL,NULL,4,0,'http://www.s-recipe.com/local/vol92.html');
INSERT INTO tbl_content VALUES (1230,158,353,0.25);
INSERT INTO tbl_content VALUES (1231,158,353,0.17);
INSERT INTO tbl_content VALUES (1232,158,353,0.50);
INSERT INTO tbl_content VALUES (1233,158,353,0.50);
INSERT INTO tbl_content VALUES (1234,158,353,0.00);
INSERT INTO tbl_content VALUES (1235,158,353,1.00);
INSERT INTO tbl_content VALUES (1236,158,353,0.00);
INSERT INTO tbl_recipe VALUES (158,'吉野の鶏めし',NULL,NULL,NULL,8,0,'http://www.s-recipe.com/local/vol197.html');
INSERT INTO tbl_content VALUES (1237,159,353,0.12);
INSERT INTO tbl_content VALUES (1238,159,353,0.50);
INSERT INTO tbl_content VALUES (1239,159,353,37.50);
INSERT INTO tbl_content VALUES (1240,159,353,0.50);
INSERT INTO tbl_content VALUES (1241,159,353,0.50);
INSERT INTO tbl_ingredient VALUES (353,'にんに','かけ',NULL);
INSERT INTO tbl_content VALUES (1242,159,354,0.25);
INSERT INTO tbl_content VALUES (1243,159,354,0.50);
INSERT INTO tbl_recipe VALUES (159,'ピーマンみそ',NULL,NULL,NULL,2,0,'http://www.s-recipe.com/local/vol202.html');
INSERT INTO tbl_content VALUES (1244,160,354,42.50);
INSERT INTO tbl_content VALUES (1245,160,354,0.50);
INSERT INTO tbl_content VALUES (1246,160,354,0.50);
INSERT INTO tbl_content VALUES (1247,160,354,0.00);
INSERT INTO tbl_content VALUES (1248,160,354,12.50);
INSERT INTO tbl_content VALUES (1249,160,354,0.50);
INSERT INTO tbl_content VALUES (1250,160,354,0.25);
INSERT INTO tbl_content VALUES (1251,160,354,0.25);
INSERT INTO tbl_content VALUES (1252,160,354,0.25);
INSERT INTO tbl_recipe VALUES (160,'いかのごろ煮',NULL,NULL,NULL,1,0,'http://www.s-recipe.com/local/vol85.html');
INSERT INTO tbl_content VALUES (1253,161,354,1.00);
INSERT INTO tbl_content VALUES (1254,161,354,30.00);
INSERT INTO tbl_content VALUES (1255,161,354,2.00);
INSERT INTO tbl_content VALUES (1256,161,354,2.50);
INSERT INTO tbl_recipe VALUES (161,'さばのいり焼き',NULL,NULL,NULL,6,0,'http://www.s-recipe.com/local/vol176.html');
INSERT INTO tbl_content VALUES (1257,162,354,0.00);
INSERT INTO tbl_content VALUES (1258,162,354,0.50);
INSERT INTO tbl_content VALUES (1259,162,354,12.50);
INSERT INTO tbl_ingredient VALUES (354,'さば','尾',NULL);
INSERT INTO tbl_content VALUES (1260,162,355,0.50);
INSERT INTO tbl_content VALUES (1261,162,355,0.50);
INSERT INTO tbl_content VALUES (1262,162,355,0.50);
INSERT INTO tbl_content VALUES (1263,162,355,25.00);
INSERT INTO tbl_recipe VALUES (162,'小豆がゆ',NULL,NULL,NULL,4,0,'http://www.s-recipe.com/local/vol73.html');
INSERT INTO tbl_content VALUES (1264,163,355,0.33);
INSERT INTO tbl_content VALUES (1265,163,355,0.12);
INSERT INTO tbl_content VALUES (1266,163,355,0.50);
INSERT INTO tbl_content VALUES (1267,163,355,2.50);
INSERT INTO tbl_recipe VALUES (163,'味噌カツ',NULL,NULL,NULL,4,0,'http://www.s-recipe.com/local/vol28.html');
INSERT INTO tbl_content VALUES (1268,164,355,0.00);
INSERT INTO tbl_content VALUES (1269,164,355,1.00);
INSERT INTO tbl_content VALUES (1270,164,355,0.50);
INSERT INTO tbl_content VALUES (1271,164,355,1.00);
INSERT INTO tbl_content VALUES (1272,164,355,0.00);
INSERT INTO tbl_content VALUES (1273,164,355,0.25);
INSERT INTO tbl_content VALUES (1274,164,355,50.00);
INSERT INTO tbl_content VALUES (1275,164,355,0.00);
INSERT INTO tbl_content VALUES (1276,164,355,0.00);
INSERT INTO tbl_content VALUES (1277,164,355,1.00);
INSERT INTO tbl_content VALUES (1278,164,355,25.00);
INSERT INTO tbl_content VALUES (1279,164,355,1.00);
INSERT INTO tbl_content VALUES (1280,164,355,1.50);
INSERT INTO tbl_recipe VALUES (164,'とろろ汁',NULL,NULL,NULL,3,0,'http://www.s-recipe.com/local/vol82.html');
INSERT INTO tbl_content VALUES (1281,165,355,75.00);
INSERT INTO tbl_content VALUES (1282,165,355,0.50);
INSERT INTO tbl_ingredient VALUES (355,'大和いも','ｇ',NULL);
INSERT INTO tbl_content VALUES (1283,165,356,100.00);
INSERT INTO tbl_content VALUES (1284,165,356,0.00);
INSERT INTO tbl_content VALUES (1285,165,356,0.25);
INSERT INTO tbl_content VALUES (1286,165,356,0.25);
INSERT INTO tbl_recipe VALUES (165,'鯛めし',NULL,NULL,NULL,7,0,'http://www.s-recipe.com/local/vol58.html');
INSERT INTO tbl_content VALUES (1287,166,356,0.12);
INSERT INTO tbl_ingredient VALUES (356,'鯛','g',NULL);
INSERT INTO tbl_content VALUES (1288,166,357,100.00);
INSERT INTO tbl_content VALUES (1289,166,357,0.50);
INSERT INTO tbl_content VALUES (1290,166,357,5.00);
INSERT INTO tbl_content VALUES (1291,166,357,0.50);
INSERT INTO tbl_content VALUES (1292,166,357,1.00);
INSERT INTO tbl_recipe VALUES (166,'山菜おこわ',NULL,NULL,NULL,2,0,'http://www.s-recipe.com/local/vol97.html');
INSERT INTO tbl_content VALUES (1293,167,357,0.25);
INSERT INTO tbl_content VALUES (1294,167,357,0.62);
INSERT INTO tbl_content VALUES (1295,167,357,1.00);
INSERT INTO tbl_content VALUES (1296,167,357,0.25);
INSERT INTO tbl_ingredient VALUES (357,'山菜の水煮','g',NULL);
INSERT INTO tbl_content VALUES (1297,167,358,50.00);
INSERT INTO tbl_content VALUES (1298,167,358,0.50);
INSERT INTO tbl_content VALUES (1299,167,358,0.12);
INSERT INTO tbl_content VALUES (1300,167,358,0.25);
INSERT INTO tbl_recipe VALUES (167,'そばめし',NULL,NULL,NULL,5,0,'http://www.s-recipe.com/local/vol81.html');
INSERT INTO tbl_content VALUES (1301,168,358,0.00);
INSERT INTO tbl_content VALUES (1302,168,358,50.00);
INSERT INTO tbl_content VALUES (1303,168,358,100.00);
INSERT INTO tbl_content VALUES (1304,168,358,0.17);
INSERT INTO tbl_content VALUES (1305,168,358,0.25);
INSERT INTO tbl_content VALUES (1306,168,358,0.00);
INSERT INTO tbl_ingredient VALUES (358,'緑豆もやし','袋',NULL);
INSERT INTO tbl_content VALUES (1307,168,359,0.50);
INSERT INTO tbl_ingredient VALUES (359,'焼そば','玉',NULL);
INSERT INTO tbl_content VALUES (1308,168,360,0.50);
INSERT INTO tbl_ingredient VALUES (360,'粉末ソース','袋',NULL);
INSERT INTO tbl_content VALUES (1309,168,361,0.50);
INSERT INTO tbl_content VALUES (1310,168,361,0.25);
INSERT INTO tbl_recipe VALUES (168,'ほやの酢の物',NULL,NULL,NULL,2,0,'http://www.s-recipe.com/local/vol55.html');
INSERT INTO tbl_content VALUES (1311,169,361,0.50);
INSERT INTO tbl_content VALUES (1312,169,361,0.50);
INSERT INTO tbl_content VALUES (1313,169,361,0.25);
INSERT INTO tbl_content VALUES (1314,169,361,0.00);
INSERT INTO tbl_ingredient VALUES (361,'ほや','個',NULL);
INSERT INTO tbl_content VALUES (1315,169,362,0.50);
INSERT INTO tbl_recipe VALUES (169,'もつ鍋',NULL,NULL,NULL,8,0,'http://www.s-recipe.com/local/vol189.html');
INSERT INTO tbl_content VALUES (1316,170,362,250.00);
INSERT INTO tbl_content VALUES (1317,170,362,0.00);
INSERT INTO tbl_content VALUES (1318,170,362,1.00);
INSERT INTO tbl_content VALUES (1319,170,362,0.25);
INSERT INTO tbl_content VALUES (1320,170,362,0.25);
INSERT INTO tbl_content VALUES (1321,170,362,0.50);
INSERT INTO tbl_content VALUES (1322,170,362,12.50);
INSERT INTO tbl_content VALUES (1323,170,362,0.25);
INSERT INTO tbl_content VALUES (1324,170,362,1.00);
INSERT INTO tbl_content VALUES (1325,170,362,1.00);
INSERT INTO tbl_ingredient VALUES (362,'ちゃんぽん麺','玉',NULL);
INSERT INTO tbl_content VALUES (1326,170,363,1.00);
INSERT INTO tbl_content VALUES (1327,170,363,0.75);
INSERT INTO tbl_content VALUES (1328,170,363,0.50);
INSERT INTO tbl_ingredient VALUES (363,'もつ','g',NULL);
INSERT INTO tbl_content VALUES (1329,170,364,200.00);
INSERT INTO tbl_recipe VALUES (170,'いもフライ',NULL,NULL,NULL,3,0,'http://www.s-recipe.com/local/vol100.html');
INSERT INTO tbl_content VALUES (1330,171,364,0.00);
INSERT INTO tbl_content VALUES (1331,171,364,0.00);
INSERT INTO tbl_content VALUES (1332,171,364,0.00);
INSERT INTO tbl_content VALUES (1333,171,364,0.50);
INSERT INTO tbl_content VALUES (1334,171,364,0.00);
INSERT INTO tbl_content VALUES (1335,171,364,1.00);
INSERT INTO tbl_content VALUES (1336,171,364,0.00);
INSERT INTO tbl_recipe VALUES (171,'菜飯',NULL,NULL,NULL,4,0,'http://www.s-recipe.com/local/vol135.html');
INSERT INTO tbl_content VALUES (1337,172,364,1.00);
INSERT INTO tbl_content VALUES (1338,172,364,0.00);
INSERT INTO tbl_content VALUES (1339,172,364,0.50);
INSERT INTO tbl_content VALUES (1340,172,364,0.00);
INSERT INTO tbl_content VALUES (1341,172,364,0.50);
INSERT INTO tbl_ingredient VALUES (364,'大根の葉','適宜',NULL);
INSERT INTO tbl_content VALUES (1342,172,365,0.00);
INSERT INTO tbl_recipe VALUES (172,'牡蠣の土手鍋',NULL,NULL,NULL,6,0,'http://www.s-recipe.com/local/vol21.html');
INSERT INTO tbl_content VALUES (1343,173,365,0.12);
INSERT INTO tbl_content VALUES (1344,173,365,0.75);
INSERT INTO tbl_content VALUES (1345,173,365,0.75);
INSERT INTO tbl_content VALUES (1346,173,365,2.00);
INSERT INTO tbl_content VALUES (1347,173,365,50.00);
INSERT INTO tbl_ingredient VALUES (365,'牡蠣むき身','g',NULL);
INSERT INTO tbl_content VALUES (1348,173,366,100.00);
INSERT INTO tbl_content VALUES (1349,173,366,2.00);
INSERT INTO tbl_content VALUES (1350,173,366,0.17);
INSERT INTO tbl_ingredient VALUES (366,'焼き豆腐','丁',NULL);
INSERT INTO tbl_content VALUES (1351,173,367,0.50);
INSERT INTO tbl_content VALUES (1352,173,367,0.25);
INSERT INTO tbl_content VALUES (1353,173,367,0.25);
INSERT INTO tbl_recipe VALUES (173,'やせうま',NULL,NULL,NULL,8,0,'http://www.s-recipe.com/local/vol16.html');
INSERT INTO tbl_content VALUES (1354,174,367,0.00);
INSERT INTO tbl_content VALUES (1355,174,367,0.50);
INSERT INTO tbl_content VALUES (1356,174,367,30.00);
INSERT INTO tbl_content VALUES (1357,174,367,1.25);
INSERT INTO tbl_content VALUES (1358,174,367,50.00);
INSERT INTO tbl_recipe VALUES (174,'焼鯖そうめん',NULL,NULL,NULL,5,0,'http://www.s-recipe.com/local/vol183.html');
INSERT INTO tbl_content VALUES (1359,175,367,0.25);
INSERT INTO tbl_content VALUES (1360,175,367,45.00);
INSERT INTO tbl_content VALUES (1361,175,367,0.50);
INSERT INTO tbl_content VALUES (1362,175,367,0.00);
INSERT INTO tbl_content VALUES (1363,175,367,150.00);
INSERT INTO tbl_content VALUES (1364,175,367,1.00);
INSERT INTO tbl_content VALUES (1365,175,367,0.50);
INSERT INTO tbl_content VALUES (1366,175,367,0.50);
INSERT INTO tbl_recipe VALUES (175,'なすそうめん',NULL,NULL,NULL,4,0,'http://www.s-recipe.com/local/vol79.html');
INSERT INTO tbl_content VALUES (1367,176,367,150.00);
INSERT INTO tbl_content VALUES (1368,176,367,1.50);
INSERT INTO tbl_content VALUES (1369,176,367,1.50);
INSERT INTO tbl_content VALUES (1370,176,367,0.00);
INSERT INTO tbl_content VALUES (1371,176,367,0.50);
INSERT INTO tbl_content VALUES (1372,176,367,0.25);
INSERT INTO tbl_content VALUES (1373,176,367,1.00);
INSERT INTO tbl_content VALUES (1374,176,367,1.00);
INSERT INTO tbl_recipe VALUES (176,'焼しじみ',NULL,NULL,NULL,2,0,'http://www.s-recipe.com/local/vol68.html');
INSERT INTO tbl_content VALUES (1375,177,367,0.00);
INSERT INTO tbl_content VALUES (1376,177,367,0.50);
INSERT INTO tbl_ingredient VALUES (367,'しじみ','g',NULL);
INSERT INTO tbl_content VALUES (1377,177,368,150.00);
INSERT INTO tbl_recipe VALUES (177,'ソーミンチャンプルー',NULL,NULL,NULL,8,0,'http://www.s-recipe.com/local/vol104.html');
INSERT INTO tbl_content VALUES (1378,178,368,0.00);
INSERT INTO tbl_ingredient VALUES (368,'ツナ缶','g',NULL);
INSERT INTO tbl_content VALUES (1379,178,369,25.00);
INSERT INTO tbl_ingredient VALUES (369,'そうめん(乾燥)','人分',NULL);
INSERT INTO tbl_content VALUES (1380,178,370,1.00);
INSERT INTO tbl_content VALUES (1381,178,370,0.17);
INSERT INTO tbl_ingredient VALUES (370,'ラード(またはサラダ油)','大さじ',NULL);
INSERT INTO tbl_content VALUES (1382,178,371,0.75);
INSERT INTO tbl_content VALUES (1383,178,371,1.50);
INSERT INTO tbl_content VALUES (1384,178,371,50.00);
INSERT INTO tbl_content VALUES (1385,178,371,0.10);
INSERT INTO tbl_content VALUES (1386,178,371,0.00);
INSERT INTO tbl_recipe VALUES (178,'浸し豆',NULL,NULL,NULL,3,0,'http://www.s-recipe.com/local/vol144.html');
INSERT INTO tbl_content VALUES (1387,179,371,0.00);
INSERT INTO tbl_content VALUES (1388,179,371,0.75);
INSERT INTO tbl_content VALUES (1389,179,371,0.12);
INSERT INTO tbl_ingredient VALUES (371,'青大豆','g',NULL);
INSERT INTO tbl_content VALUES (1390,179,372,50.00);
INSERT INTO tbl_content VALUES (1391,179,372,0.50);
INSERT INTO tbl_ingredient VALUES (372,'だし汁（昆布）','カップ',NULL);
INSERT INTO tbl_content VALUES (1392,179,373,0.33);
INSERT INTO tbl_recipe VALUES (179,'おくずかけ',NULL,NULL,NULL,2,0,'http://www.s-recipe.com/local/vol12.html');
INSERT INTO tbl_content VALUES (1393,180,373,1.50);
INSERT INTO tbl_content VALUES (1394,180,373,0.00);
INSERT INTO tbl_content VALUES (1395,180,373,0.50);
INSERT INTO tbl_content VALUES (1396,180,373,0.10);
INSERT INTO tbl_content VALUES (1397,180,373,1.00);
INSERT INTO tbl_ingredient VALUES (373,'豆麩','少々',NULL);
INSERT INTO tbl_content VALUES (1398,180,374,0.00);
INSERT INTO tbl_content VALUES (1399,180,374,0.17);
INSERT INTO tbl_content VALUES (1400,180,374,0.12);
INSERT INTO tbl_content VALUES (1401,180,374,0.00);
INSERT INTO tbl_content VALUES (1402,180,374,2.50);
INSERT INTO tbl_content VALUES (1403,180,374,0.12);
INSERT INTO tbl_content VALUES (1404,180,374,0.50);
INSERT INTO tbl_content VALUES (1405,180,374,0.50);
INSERT INTO tbl_content VALUES (1406,180,374,0.12);
INSERT INTO tbl_recipe VALUES (180,'水炊き',NULL,NULL,NULL,8,0,'http://www.s-recipe.com/local/vol160.html');
INSERT INTO tbl_ingredient VALUES (374,'春菊','わ',NULL);
INSERT INTO tbl_content VALUES (1407,181,375,0.25);
INSERT INTO tbl_content VALUES (1408,181,375,0.00);
INSERT INTO tbl_ingredient VALUES (375,'鶏手羽元','本',NULL);
INSERT INTO tbl_content VALUES (1409,181,376,3.00);
INSERT INTO tbl_content VALUES (1410,181,376,0.00);
INSERT INTO tbl_content VALUES (1411,181,376,0.17);
INSERT INTO tbl_content VALUES (1412,181,376,6.00);
INSERT INTO tbl_ingredient VALUES (376,'薬味（お好みのもの）','適宜',NULL);
INSERT INTO tbl_content VALUES (1413,181,377,0.00);
INSERT INTO tbl_ingredient VALUES (377,'葛きり','袋',NULL);
INSERT INTO tbl_content VALUES (1414,181,378,0.17);
INSERT INTO tbl_ingredient VALUES (378,'えのきだけ','袋',NULL);
INSERT INTO tbl_content VALUES (1415,181,379,0.50);
INSERT INTO tbl_content VALUES (1416,181,379,3.00);
INSERT INTO tbl_content VALUES (1417,181,379,1.50);
INSERT INTO tbl_content VALUES (1418,181,379,0.50);
INSERT INTO tbl_content VALUES (1419,181,379,0.50);
INSERT INTO tbl_content VALUES (1420,181,379,0.25);
INSERT INTO tbl_content VALUES (1421,181,379,5.00);
INSERT INTO tbl_content VALUES (1422,181,379,0.50);
INSERT INTO tbl_content VALUES (1423,181,379,0.50);
INSERT INTO tbl_content VALUES (1424,181,379,1.00);
INSERT INTO tbl_content VALUES (1425,181,379,75.00);
INSERT INTO tbl_recipe VALUES (181,'飛鳥鍋',NULL,NULL,NULL,5,0,'http://www.s-recipe.com/local/vol44.html');
INSERT INTO tbl_content VALUES (1426,182,379,0.25);
INSERT INTO tbl_content VALUES (1427,182,379,0.08);
INSERT INTO tbl_content VALUES (1428,182,379,0.50);
INSERT INTO tbl_content VALUES (1429,182,379,0.08);
INSERT INTO tbl_content VALUES (1430,182,379,0.50);
INSERT INTO tbl_ingredient VALUES (379,'白ねぎ','本　',NULL);
INSERT INTO tbl_content VALUES (1431,182,380,0.17);
INSERT INTO tbl_content VALUES (1432,182,380,2.00);
INSERT INTO tbl_ingredient VALUES (380,'牛乳','カップ',NULL);
INSERT INTO tbl_content VALUES (1433,182,381,1.00);
INSERT INTO tbl_content VALUES (1434,182,381,1.00);
INSERT INTO tbl_content VALUES (1435,182,381,0.50);
INSERT INTO tbl_content VALUES (1436,182,381,0.50);
INSERT INTO tbl_content VALUES (1437,182,381,0.25);
INSERT INTO tbl_content VALUES (1438,182,381,0.50);
INSERT INTO tbl_content VALUES (1439,182,381,1.50);
INSERT INTO tbl_content VALUES (1440,182,381,0.50);
INSERT INTO tbl_recipe VALUES (182,'枝豆ごはん',NULL,NULL,NULL,2,0,'http://www.s-recipe.com/local/vol57.html');
INSERT INTO tbl_content VALUES (1441,183,381,0.50);
INSERT INTO tbl_content VALUES (1442,183,381,5.00);
INSERT INTO tbl_content VALUES (1443,183,381,1.00);
INSERT INTO tbl_content VALUES (1444,183,381,1.00);
INSERT INTO tbl_ingredient VALUES (381,'枝豆(ゆでむき身)','g',NULL);
INSERT INTO tbl_content VALUES (1445,183,382,40.00);
INSERT INTO tbl_recipe VALUES (183,'あさりのぬた',NULL,NULL,NULL,3,0,'http://www.s-recipe.com/local/vol124.html');
INSERT INTO tbl_ingredient VALUES (382,'あさりむきみ','g',NULL);
INSERT INTO tbl_content VALUES (1446,184,383,25.00);
INSERT INTO tbl_ingredient VALUES (383,'生わかめ','ｇ',NULL);
INSERT INTO tbl_content VALUES (1447,184,384,5.00);
INSERT INTO tbl_content VALUES (1448,184,384,0.25);
INSERT INTO tbl_content VALUES (1449,184,384,0.50);
INSERT INTO tbl_content VALUES (1450,184,384,50.00);
INSERT INTO tbl_content VALUES (1451,184,384,0.50);
INSERT INTO tbl_content VALUES (1452,184,384,0.50);
INSERT INTO tbl_recipe VALUES (184,'ばっけ味噌',NULL,NULL,NULL,2,0,'http://www.s-recipe.com/local/vol26.html');
INSERT INTO tbl_content VALUES (1453,185,384,0.00);
INSERT INTO tbl_content VALUES (1454,185,384,0.75);
INSERT INTO tbl_content VALUES (1455,185,384,25.00);
INSERT INTO tbl_content VALUES (1456,185,384,0.00);
INSERT INTO tbl_content VALUES (1457,185,384,1.00);
INSERT INTO tbl_content VALUES (1458,185,384,0.25);
INSERT INTO tbl_ingredient VALUES (384,'ふきのとう','〜',NULL);
INSERT INTO tbl_content VALUES (1459,185,385,28.50);
INSERT INTO tbl_recipe VALUES (185,'青大豆とわかめの酢の物',NULL,NULL,NULL,2,0,'http://www.s-recipe.com/local/vol146.html');
INSERT INTO tbl_content VALUES (1460,186,385,2.00);
INSERT INTO tbl_content VALUES (1461,186,385,1.00);
INSERT INTO tbl_ingredient VALUES (385,'塩蔵わかめ','g',NULL);
INSERT INTO tbl_content VALUES (1462,186,386,25.00);
INSERT INTO tbl_content VALUES (1463,186,386,50.00);
INSERT INTO tbl_recipe VALUES (186,'ヒラヤーチ',NULL,NULL,NULL,8,0,'http://www.s-recipe.com/local/vol15.html');
INSERT INTO tbl_content VALUES (1464,187,386,0.50);
INSERT INTO tbl_content VALUES (1465,187,386,0.00);
INSERT INTO tbl_content VALUES (1466,187,386,0.50);
INSERT INTO tbl_content VALUES (1467,187,386,0.00);
INSERT INTO tbl_content VALUES (1468,187,386,0.50);
INSERT INTO tbl_content VALUES (1469,187,386,100.00);
INSERT INTO tbl_recipe VALUES (187,'さつまいもご飯',NULL,NULL,NULL,8,0,'http://www.s-recipe.com/local/vol90.html');
INSERT INTO tbl_content VALUES (1470,188,386,0.25);
INSERT INTO tbl_content VALUES (1471,188,386,0.25);
INSERT INTO tbl_content VALUES (1472,188,386,0.50);
INSERT INTO tbl_ingredient VALUES (386,'ごま塩','適量',NULL);
INSERT INTO tbl_content VALUES (1473,188,387,0.00);
INSERT INTO tbl_content VALUES (1474,188,387,0.25);
INSERT INTO tbl_content VALUES (1475,188,387,0.50);
INSERT INTO tbl_recipe VALUES (188,'イカの黒作り',NULL,NULL,NULL,4,0,'http://www.s-recipe.com/local/vol38.html');
INSERT INTO tbl_content VALUES (1476,189,387,0.50);
INSERT INTO tbl_ingredient VALUES (387,'スルメイカ','杯',NULL);
INSERT INTO tbl_content VALUES (1477,189,388,0.50);
INSERT INTO tbl_content VALUES (1478,189,388,0.50);
INSERT INTO tbl_recipe VALUES (189,'ラフテー',NULL,NULL,NULL,8,0,'http://www.s-recipe.com/local/vol206.html');
INSERT INTO tbl_ingredient VALUES (388,'泡盛（又は酒）','カップ',NULL);
INSERT INTO tbl_content VALUES (1479,190,389,0.25);
INSERT INTO tbl_content VALUES (1480,190,389,0.25);
INSERT INTO tbl_content VALUES (1481,190,389,0.00);
INSERT INTO tbl_ingredient VALUES (389,'黒糖','カップ',NULL);
INSERT INTO tbl_content VALUES (1482,190,390,0.12);
INSERT INTO tbl_ingredient VALUES (390,'かつおだし','〜',NULL);
INSERT INTO tbl_content VALUES (1483,190,391,8.50);
INSERT INTO tbl_content VALUES (1484,190,391,0.25);
INSERT INTO tbl_content VALUES (1485,190,391,0.25);
INSERT INTO tbl_content VALUES (1486,190,391,0.12);
INSERT INTO tbl_recipe VALUES (190,'ねぎま鍋',NULL,NULL,NULL,3,0,'http://www.s-recipe.com/local/vol46.html');
INSERT INTO tbl_content VALUES (1487,191,391,1.00);
INSERT INTO tbl_content VALUES (1488,191,391,0.75);
INSERT INTO tbl_content VALUES (1489,191,391,0.50);
INSERT INTO tbl_content VALUES (1490,191,391,20.00);
INSERT INTO tbl_ingredient VALUES (391,'まぐろ(赤身)','g',NULL);
INSERT INTO tbl_content VALUES (1491,191,392,150.00);
INSERT INTO tbl_content VALUES (1492,191,392,20.00);
INSERT INTO tbl_recipe VALUES (191,'田楽',NULL,NULL,NULL,8,0,'http://www.s-recipe.com/local/vol205.html');
INSERT INTO tbl_content VALUES (1493,192,392,25.00);
INSERT INTO tbl_content VALUES (1494,192,392,0.00);
INSERT INTO tbl_content VALUES (1495,192,392,0.00);
INSERT INTO tbl_ingredient VALUES (392,'みそ（赤みそや白みそ）','g',NULL);
INSERT INTO tbl_content VALUES (1496,192,393,37.50);
INSERT INTO tbl_content VALUES (1497,192,393,0.00);
INSERT INTO tbl_content VALUES (1498,192,393,0.25);
INSERT INTO tbl_content VALUES (1499,192,393,12.50);
INSERT INTO tbl_content VALUES (1500,192,393,0.25);
INSERT INTO tbl_ingredient VALUES (393,'木の芽','適量',NULL);
INSERT INTO tbl_content VALUES (1501,192,394,0.00);
INSERT INTO tbl_content VALUES (1502,192,394,7.50);
INSERT INTO tbl_recipe VALUES (192,'小浜ちゃんぽん',NULL,NULL,NULL,8,0,'http://www.s-recipe.com/local/vol174.html');
INSERT INTO tbl_content VALUES (1503,193,394,0.25);
INSERT INTO tbl_content VALUES (1504,193,394,0.12);
INSERT INTO tbl_content VALUES (1505,193,394,0.50);
INSERT INTO tbl_content VALUES (1506,193,394,1.50);
INSERT INTO tbl_content VALUES (1507,193,394,2.00);
INSERT INTO tbl_ingredient VALUES (394,'ちくわ','本',NULL);
INSERT INTO tbl_content VALUES (1508,193,395,0.25);
INSERT INTO tbl_content VALUES (1509,193,395,0.12);
INSERT INTO tbl_ingredient VALUES (395,'シーフードミックス','g',NULL);
INSERT INTO tbl_content VALUES (1510,193,396,60.00);
INSERT INTO tbl_ingredient VALUES (396,'豚肉','g',NULL);
INSERT INTO tbl_content VALUES (1511,193,397,40.00);
INSERT INTO tbl_content VALUES (1512,193,397,200.00);
INSERT INTO tbl_content VALUES (1513,193,397,50.00);
INSERT INTO tbl_content VALUES (1514,193,397,0.50);
INSERT INTO tbl_content VALUES (1515,193,397,0.00);
INSERT INTO tbl_content VALUES (1516,193,397,0.25);
INSERT INTO tbl_content VALUES (1517,193,397,1.00);
INSERT INTO tbl_content VALUES (1518,193,397,0.75);
INSERT INTO tbl_recipe VALUES (193,'鯖のそぼろ寿司',NULL,NULL,NULL,5,0,'http://www.s-recipe.com/local/vol127.html');
INSERT INTO tbl_content VALUES (1519,194,397,30.00);
INSERT INTO tbl_content VALUES (1520,194,397,0.50);
INSERT INTO tbl_content VALUES (1521,194,397,0.50);
INSERT INTO tbl_ingredient VALUES (397,'生姜のしぼり汁','小さじ',NULL);
INSERT INTO tbl_content VALUES (1522,194,398,0.25);
INSERT INTO tbl_content VALUES (1523,194,398,0.50);
INSERT INTO tbl_content VALUES (1524,194,398,0.25);
INSERT INTO tbl_content VALUES (1525,194,398,1.00);
INSERT INTO tbl_ingredient VALUES (398,'鯖缶（水煮）','缶',NULL);
INSERT INTO tbl_content VALUES (1526,194,399,0.50);
INSERT INTO tbl_recipe VALUES (194,'茄子のたたき',NULL,NULL,NULL,7,0,'http://www.s-recipe.com/local/vol87.html');
INSERT INTO tbl_content VALUES (1527,195,399,2.00);
INSERT INTO tbl_content VALUES (1528,195,399,0.00);
INSERT INTO tbl_content VALUES (1529,195,399,2.50);
INSERT INTO tbl_content VALUES (1530,195,399,0.00);
INSERT INTO tbl_content VALUES (1531,195,399,0.00);
INSERT INTO tbl_ingredient VALUES (399,'鯖(鯵)','半身(鯵なら',NULL);
INSERT INTO tbl_content VALUES (1532,195,400,0.50);
INSERT INTO tbl_recipe VALUES (195,'芋ちゃのこ',NULL,NULL,NULL,3,0,'http://www.s-recipe.com/local/vol120.html');
INSERT INTO tbl_ingredient VALUES (400,'小豆缶','g',NULL);
INSERT INTO tbl_content VALUES (1533,196,401,75.00);
INSERT INTO tbl_content VALUES (1534,196,401,150.00);
INSERT INTO tbl_ingredient VALUES (401,'上新粉','g',NULL);
INSERT INTO tbl_content VALUES (1535,196,402,50.00);
INSERT INTO tbl_recipe VALUES (196,'へらへら団子',NULL,NULL,NULL,3,0,'http://www.s-recipe.com/local/vol151.html');
INSERT INTO tbl_content VALUES (1536,197,402,0.00);
INSERT INTO tbl_ingredient VALUES (402,'白玉粉','g',NULL);
INSERT INTO tbl_content VALUES (1537,197,403,25.00);
INSERT INTO tbl_ingredient VALUES (403,'こしあん','g',NULL);
INSERT INTO tbl_content VALUES (1538,197,404,60.00);
INSERT INTO tbl_content VALUES (1539,197,404,50.00);
INSERT INTO tbl_recipe VALUES (197,'たこ飯',NULL,NULL,NULL,6,0,'http://www.s-recipe.com/local/vol182.html');
INSERT INTO tbl_content VALUES (1540,198,404,0.25);
INSERT INTO tbl_content VALUES (1541,198,404,160.00);
INSERT INTO tbl_content VALUES (1542,198,404,0.50);
INSERT INTO tbl_content VALUES (1543,198,404,0.50);
INSERT INTO tbl_content VALUES (1544,198,404,0.50);
INSERT INTO tbl_content VALUES (1545,198,404,0.75);
INSERT INTO tbl_content VALUES (1546,198,404,0.50);
INSERT INTO tbl_ingredient VALUES (404,'ゆでたこの足','g',NULL);
INSERT INTO tbl_content VALUES (1547,198,405,50.00);
INSERT INTO tbl_content VALUES (1548,198,405,0.75);
UPDATE tbl_ingredient SET IU='1.10' WHERE name='豆腐';
UPDATE tbl_ingredient SET IU='1.61' WHERE name='さやえんどう';
UPDATE tbl_ingredient SET IU='2.20' WHERE name='タカノツメ';
UPDATE tbl_ingredient SET IU='2.20' WHERE name='豚肉';
UPDATE tbl_ingredient SET IU='1.61' WHERE name='レモン汁';
UPDATE tbl_ingredient SET IU='1.61' WHERE name='だし';
UPDATE tbl_ingredient SET IU='2.20' WHERE name='豚ホルモン';
UPDATE tbl_ingredient SET IU='2.20' WHERE name='ちくわ';
UPDATE tbl_ingredient SET IU='2.20' WHERE name='粉末ソース';
UPDATE tbl_ingredient SET IU='2.20' WHERE name='こしあん';
UPDATE tbl_ingredient SET IU='2.20' WHERE name='お好みのたれ（ポン酢、ごまだれ）';
UPDATE tbl_ingredient SET IU='2.20' WHERE name='餅または白玉';
UPDATE tbl_ingredient SET IU='2.20' WHERE name='さば（生）';
UPDATE tbl_ingredient SET IU='2.20' WHERE name='鯛';
UPDATE tbl_ingredient SET IU='2.20' WHERE name='豚バラ薄切り肉';
UPDATE tbl_ingredient SET IU='2.20' WHERE name='ふきのとう';
UPDATE tbl_ingredient SET IU='2.20' WHERE name='野沢菜漬';
UPDATE tbl_ingredient SET IU='2.20' WHERE name='紅しょうが(60g )';
UPDATE tbl_ingredient SET IU='2.20' WHERE name='豚こま切れ肉';
UPDATE tbl_ingredient SET IU='2.20' WHERE name='あさりむきみ';
UPDATE tbl_ingredient SET IU='1.61' WHERE name='鶏むね肉';
UPDATE tbl_ingredient SET IU='2.20' WHERE name='豚ロース肉';
UPDATE tbl_ingredient SET IU='2.20' WHERE name='さやいんげん';
UPDATE tbl_ingredient SET IU='1.61' WHERE name='しらたき';
UPDATE tbl_ingredient SET IU='2.20' WHERE name='生わかめ';
UPDATE tbl_ingredient SET IU='2.20' WHERE name='讃岐うどん';
UPDATE tbl_ingredient SET IU='1.10' WHERE name='すし酢';
UPDATE tbl_ingredient SET IU='2.20' WHERE name='中華麺';
UPDATE tbl_ingredient SET IU='0.69' WHERE name='刻みのり';
UPDATE tbl_ingredient SET IU='2.20' WHERE name='ハム';
UPDATE tbl_ingredient SET IU='2.20' WHERE name='天つゆ';
UPDATE tbl_ingredient SET IU='2.20' WHERE name='添付たれ';
UPDATE tbl_ingredient SET IU='1.61' WHERE name='青ねぎ';
UPDATE tbl_ingredient SET IU='2.20' WHERE name='アンコウ身・皮';
UPDATE tbl_ingredient SET IU='2.20' WHERE name='鯛の切り身（骨付き）';
UPDATE tbl_ingredient SET IU='2.20' WHERE name='かんぴょう';
UPDATE tbl_ingredient SET IU='0.69' WHERE name='だし汁';
UPDATE tbl_ingredient SET IU='2.20' WHERE name='ニガウリ';
UPDATE tbl_ingredient SET IU='1.10' WHERE name='玉ねぎ';
UPDATE tbl_ingredient SET IU='2.20' WHERE name='白ごま（炒り）';
UPDATE tbl_ingredient SET IU='2.20' WHERE name='えび(ブラックタイガー)';
UPDATE tbl_ingredient SET IU='2.20' WHERE name='炊き上がり飯';
UPDATE tbl_ingredient SET IU='1.10' WHERE name='削り節';
UPDATE tbl_ingredient SET IU='1.10' WHERE name='カレー粉';
UPDATE tbl_ingredient SET IU='2.20' WHERE name='かぶ(葉付き)';
UPDATE tbl_ingredient SET IU='2.20' WHERE name='上新粉';
UPDATE tbl_ingredient SET IU='1.61' WHERE name='白味噌';
UPDATE tbl_ingredient SET IU='1.61' WHERE name='だしの素';
UPDATE tbl_ingredient SET IU='2.20' WHERE name='切干大根';
UPDATE tbl_ingredient SET IU='2.20' WHERE name='豚バラスライス肉';
UPDATE tbl_ingredient SET IU='2.20' WHERE name='鶏胸挽き肉';
UPDATE tbl_ingredient SET IU='0.69' WHERE name='昆布';
UPDATE tbl_ingredient SET IU='1.61' WHERE name='豚バラ肉';
UPDATE tbl_ingredient SET IU='2.20' WHERE name='長ネギ';
UPDATE tbl_ingredient SET IU='2.20' WHERE name='揚げ玉';
UPDATE tbl_ingredient SET IU='0.69' WHERE name='ごぼう';
UPDATE tbl_ingredient SET IU='2.20' WHERE name='デミグラスソース';
UPDATE tbl_ingredient SET IU='1.61' WHERE name='納豆';
UPDATE tbl_ingredient SET IU='2.20' WHERE name='そば';
UPDATE tbl_ingredient SET IU='2.20' WHERE name='山菜の水煮';
UPDATE tbl_ingredient SET IU='0.69' WHERE name='小麦粉';
UPDATE tbl_ingredient SET IU='1.10' WHERE name='ダシ昆布';
UPDATE tbl_ingredient SET IU='1.10' WHERE name='干ししいたけ';
UPDATE tbl_ingredient SET IU='1.10' WHERE name='れんこん';
UPDATE tbl_ingredient SET IU='2.20' WHERE name='食塩';
UPDATE tbl_ingredient SET IU='2.20' WHERE name='もみじおろし（薬味）';
UPDATE tbl_ingredient SET IU='2.20' WHERE name='ごまドレッシング';
UPDATE tbl_ingredient SET IU='2.20' WHERE name='干ししいたけの戻し汁';
UPDATE tbl_ingredient SET IU='1.10' WHERE name='めんつゆ';
UPDATE tbl_ingredient SET IU='2.20' WHERE name='小ネギ（小口切り）';
UPDATE tbl_ingredient SET IU='2.20' WHERE name='ま醤油';
UPDATE tbl_ingredient SET IU='1.10' WHERE name='かつお節';
UPDATE tbl_ingredient SET IU='2.20' WHERE name='まぐろ(赤身)';
UPDATE tbl_ingredient SET IU='1.10' WHERE name='パン粉';
UPDATE tbl_ingredient SET IU='2.20' WHERE name='かつおのたたき';
UPDATE tbl_ingredient SET IU='2.20' WHERE name='生姜のしぼり汁';
UPDATE tbl_ingredient SET IU='2.20' WHERE name='落花生';
UPDATE tbl_ingredient SET IU='2.20' WHERE name='牛挽肉';
UPDATE tbl_ingredient SET IU='2.20' WHERE name='だし汁（昆布）';
UPDATE tbl_ingredient SET IU='1.61' WHERE name='卵黄';
UPDATE tbl_ingredient SET IU='2.20' WHERE name='葛きり';
UPDATE tbl_ingredient SET IU='2.20' WHERE name='練り辛子';
UPDATE tbl_ingredient SET IU='1.61' WHERE name='うどん';
UPDATE tbl_ingredient SET IU='1.61' WHERE name='ケチャップ';
UPDATE tbl_ingredient SET IU='1.10' WHERE name='白菜';
UPDATE tbl_ingredient SET IU='0.69' WHERE name='里芋';
UPDATE tbl_ingredient SET IU='2.20' WHERE name='青唐辛子';
UPDATE tbl_ingredient SET IU='1.61' WHERE name='わかめ';
UPDATE tbl_ingredient SET IU='1.61' WHERE name='すりごま';
UPDATE tbl_ingredient SET IU='0.69' WHERE name='米';
UPDATE tbl_ingredient SET IU='0.69' WHERE name='卵';
UPDATE tbl_ingredient SET IU='2.20' WHERE name='米酢';
UPDATE tbl_ingredient SET IU='2.20' WHERE name='いんげん';
UPDATE tbl_ingredient SET IU='0.69' WHERE name='しいたけ';
UPDATE tbl_ingredient SET IU='2.20' WHERE name='糸寒天';
UPDATE tbl_ingredient SET IU='2.20' WHERE name='豚ももかたまり肉';
UPDATE tbl_ingredient SET IU='2.20' WHERE name='ちゃんぽん麺';
UPDATE tbl_ingredient SET IU='2.20' WHERE name='ゆずの皮';
UPDATE tbl_ingredient SET IU='1.10' WHERE name='天ぷら粉';
UPDATE tbl_ingredient SET IU='2.20' WHERE name='チーズ（溶けるタイプ）';
UPDATE tbl_ingredient SET IU='0.69' WHERE name='長ねぎ';
UPDATE tbl_ingredient SET IU='2.20' WHERE name='鶏がらスープの素';
UPDATE tbl_ingredient SET IU='0.69' WHERE name='薄口しょうゆ';
UPDATE tbl_ingredient SET IU='2.20' WHERE name='黒ごま';
UPDATE tbl_ingredient SET IU='2.20' WHERE name='ゆでたこの足';
UPDATE tbl_ingredient SET IU='2.20' WHERE name='丁字麩';
UPDATE tbl_ingredient SET IU='2.20' WHERE name='むきくるみ';
UPDATE tbl_ingredient SET IU='2.20' WHERE name='糸こんにゃく';
UPDATE tbl_ingredient SET IU='2.20' WHERE name='ツナ缶';
UPDATE tbl_ingredient SET IU='2.20' WHERE name='茎わかめ';
UPDATE tbl_ingredient SET IU='1.61' WHERE name='昆布だし';
UPDATE tbl_ingredient SET IU='2.20' WHERE name='白玉粉';
UPDATE tbl_ingredient SET IU='1.61' WHERE name='貝割れ菜';
UPDATE tbl_ingredient SET IU='2.20' WHERE name='煎り白ごま';
UPDATE tbl_ingredient SET IU='2.20' WHERE name='五島うどん';
UPDATE tbl_ingredient SET IU='2.20' WHERE name='油';
UPDATE tbl_ingredient SET IU='2.20' WHERE name='焼肉のたれ（甘口）';
UPDATE tbl_ingredient SET IU='2.20' WHERE name='スルメイカ';
UPDATE tbl_ingredient SET IU='2.20' WHERE name='冷ご飯';
UPDATE tbl_ingredient SET IU='2.20' WHERE name='辛子';
UPDATE tbl_ingredient SET IU='2.20' WHERE name='黒砂糖';
UPDATE tbl_ingredient SET IU='1.61' WHERE name='かつお';
UPDATE tbl_ingredient SET IU='2.20' WHERE name='ゴーヤ';
UPDATE tbl_ingredient SET IU='2.20' WHERE name='そば(生麺)';
UPDATE tbl_ingredient SET IU='2.20' WHERE name='花かつお';
UPDATE tbl_ingredient SET IU='0.69' WHERE name='ねぎ';
UPDATE tbl_ingredient SET IU='0.69' WHERE name='砂糖';
UPDATE tbl_ingredient SET IU='2.20' WHERE name='えのきだけ';
UPDATE tbl_ingredient SET IU='2.20' WHERE name='わさび';
UPDATE tbl_ingredient SET IU='2.20' WHERE name='みそ（赤みそや白みそ）';
UPDATE tbl_ingredient SET IU='2.20' WHERE name='昆布（10cm）';
UPDATE tbl_ingredient SET IU='2.20' WHERE name='はらこ(生すじこ)';
UPDATE tbl_ingredient SET IU='0.69' WHERE name='なす';
UPDATE tbl_ingredient SET IU='2.20' WHERE name='アン肝';
UPDATE tbl_ingredient SET IU='2.20' WHERE name='長いも';
UPDATE tbl_ingredient SET IU='2.20' WHERE name='山蕗';
UPDATE tbl_ingredient SET IU='2.20' WHERE name='アジの干物';
UPDATE tbl_ingredient SET IU='2.20' WHERE name='鶏手羽元';
UPDATE tbl_ingredient SET IU='1.10' WHERE name='唐辛子';
UPDATE tbl_ingredient SET IU='1.10' WHERE name='きゅうり';
UPDATE tbl_ingredient SET IU='1.61' WHERE name='かまぼこ';
UPDATE tbl_ingredient SET IU='2.20' WHERE name='マグロまたはブリの切り身';
UPDATE tbl_ingredient SET IU='2.20' WHERE name='きゅうり(ピクルス)';
UPDATE tbl_ingredient SET IU='2.20' WHERE name='ラード(またはサラダ油)';
UPDATE tbl_ingredient SET IU='2.20' WHERE name='干しかれい';
UPDATE tbl_ingredient SET IU='2.20' WHERE name='焼きのり';
UPDATE tbl_ingredient SET IU='2.20' WHERE name='丸天';
UPDATE tbl_ingredient SET IU='1.10' WHERE name='もち米';
UPDATE tbl_ingredient SET IU='2.20' WHERE name='オイスターソース';
UPDATE tbl_ingredient SET IU='2.20' WHERE name='焼のり';
UPDATE tbl_ingredient SET IU='2.20' WHERE name='あじ(ブリ、カツオ、サバ)';
UPDATE tbl_ingredient SET IU='1.10' WHERE name='青じその葉';
UPDATE tbl_ingredient SET IU='2.20' WHERE name='かにの脚';
UPDATE tbl_ingredient SET IU='2.20' WHERE name='薬味（お好みのもの）';
UPDATE tbl_ingredient SET IU='1.61' WHERE name='赤味噌';
UPDATE tbl_ingredient SET IU='2.20' WHERE name='鶏肉もも肉';
UPDATE tbl_ingredient SET IU='2.20' WHERE name='シーチキン';
UPDATE tbl_ingredient SET IU='2.20' WHERE name='芝海老';
UPDATE tbl_ingredient SET IU='0.69' WHERE name='サラダ油';
UPDATE tbl_ingredient SET IU='2.20' WHERE name='豚ロース(6mm)';
UPDATE tbl_ingredient SET IU='2.20' WHERE name='ゆであずき';
UPDATE tbl_ingredient SET IU='2.20' WHERE name='りんご';
UPDATE tbl_ingredient SET IU='1.61' WHERE name='ミニトマト';
UPDATE tbl_ingredient SET IU='2.20' WHERE name='ミニ車麩';
UPDATE tbl_ingredient SET IU='2.20' WHERE name='殻つきあさり';
UPDATE tbl_ingredient SET IU='1.10' WHERE name='こんにゃく';
UPDATE tbl_ingredient SET IU='2.20' WHERE name='ゴマ';
UPDATE tbl_ingredient SET IU='2.20' WHERE name='青のり';
UPDATE tbl_ingredient SET IU='2.20' WHERE name='葱（わけぎ）';
UPDATE tbl_ingredient SET IU='2.20' WHERE name='泡盛（又は酒）';
UPDATE tbl_ingredient SET IU='2.20' WHERE name='洋風スープの素';
UPDATE tbl_ingredient SET IU='2.20' WHERE name='豚ひき肉';
UPDATE tbl_ingredient SET IU='1.61' WHERE name='にら';
UPDATE tbl_ingredient SET IU='2.20' WHERE name='鯖(鯵)';
UPDATE tbl_ingredient SET IU='2.20' WHERE name='芋がら';
UPDATE tbl_ingredient SET IU='2.20' WHERE name='枝豆';
UPDATE tbl_ingredient SET IU='2.20' WHERE name='塩さば';
UPDATE tbl_ingredient SET IU='2.20' WHERE name='新ショウガ';
UPDATE tbl_ingredient SET IU='2.20' WHERE name='牛肉';
UPDATE tbl_ingredient SET IU='0.69' WHERE name='にんじん';
UPDATE tbl_ingredient SET IU='2.20' WHERE name='玉こんにゃく';
UPDATE tbl_ingredient SET IU='2.20' WHERE name='エリンギ';
UPDATE tbl_ingredient SET IU='2.20' WHERE name='スルメ';
UPDATE tbl_ingredient SET IU='2.20' WHERE name='白身魚（鯛など）';
UPDATE tbl_ingredient SET IU='2.20' WHERE name='かつおの刺身';
UPDATE tbl_ingredient SET IU='1.10' WHERE name='塩・こしょう';
UPDATE tbl_ingredient SET IU='0.69' WHERE name='塩';
UPDATE tbl_ingredient SET IU='2.20' WHERE name='ゆで卵';
UPDATE tbl_ingredient SET IU='1.61' WHERE name='牛薄切り肉';
UPDATE tbl_ingredient SET IU='2.20' WHERE name='しじみ';
UPDATE tbl_ingredient SET IU='2.20' WHERE name='さつまいも(中)';
UPDATE tbl_ingredient SET IU='2.20' WHERE name='すり白ごま';
UPDATE tbl_ingredient SET IU='2.20' WHERE name='生姜薄切り';
UPDATE tbl_ingredient SET IU='1.61' WHERE name='鶏ひき肉';
UPDATE tbl_ingredient SET IU='2.20' WHERE name='レモン';
UPDATE tbl_ingredient SET IU='2.20' WHERE name='だししょうゆ（またはめんつゆ）';
UPDATE tbl_ingredient SET IU='1.61' WHERE name='チーズ';
UPDATE tbl_ingredient SET IU='2.20' WHERE name='ほうじ茶';
UPDATE tbl_ingredient SET IU='2.20' WHERE name='たけのこ';
UPDATE tbl_ingredient SET IU='2.20' WHERE name='鯖缶（水煮）';
UPDATE tbl_ingredient SET IU='0.69' WHERE name='片栗粉';
UPDATE tbl_ingredient SET IU='0.69' WHERE name='しょうゆ';
UPDATE tbl_ingredient SET IU='2.20' WHERE name='焼麩';
UPDATE tbl_ingredient SET IU='2.20' WHERE name='しょうが汁';
UPDATE tbl_ingredient SET IU='1.61' WHERE name='赤ワイン';
UPDATE tbl_ingredient SET IU='1.61' WHERE name='ソース';
UPDATE tbl_ingredient SET IU='2.20' WHERE name='ほうとう生うどん';
UPDATE tbl_ingredient SET IU='1.10' WHERE name='生しいたけ';
UPDATE tbl_ingredient SET IU='1.10' WHERE name='鶏がらスープ';
UPDATE tbl_ingredient SET IU='2.20' WHERE name='なめこ';
UPDATE tbl_ingredient SET IU='2.20' WHERE name='中華麺（冷やし中華用）';
UPDATE tbl_ingredient SET IU='2.20' WHERE name='白身魚のすり身';
UPDATE tbl_ingredient SET IU='1.61' WHERE name='ほうれん草';
UPDATE tbl_ingredient SET IU='0.69' WHERE name='水';
UPDATE tbl_ingredient SET IU='2.20' WHERE name='カレールー';
UPDATE tbl_ingredient SET IU='1.61' WHERE name='マヨネーズ';
UPDATE tbl_ingredient SET IU='2.20' WHERE name='かつおだし';
UPDATE tbl_ingredient SET IU='2.20' WHERE name='カリフラワー';
UPDATE tbl_ingredient SET IU='1.10' WHERE name='そうめん';
UPDATE tbl_ingredient SET IU='2.20' WHERE name='大根おろし';
UPDATE tbl_ingredient SET IU='2.20' WHERE name='三つ葉';
UPDATE tbl_ingredient SET IU='2.20' WHERE name='水菜';
UPDATE tbl_ingredient SET IU='1.10' WHERE name='ウスターソース';
UPDATE tbl_ingredient SET IU='2.20' WHERE name='スルメの足';
UPDATE tbl_ingredient SET IU='2.20' WHERE name='焼き豚（市販品）';
UPDATE tbl_ingredient SET IU='0.69' WHERE name='酒';
UPDATE tbl_ingredient SET IU='1.61' WHERE name='ベーキングパウダー';
UPDATE tbl_ingredient SET IU='2.20' WHERE name='干しいも（市販品）';
UPDATE tbl_ingredient SET IU='2.20' WHERE name='水または出し汁';
UPDATE tbl_ingredient SET IU='2.20' WHERE name='切り餅';
UPDATE tbl_ingredient SET IU='2.20' WHERE name='角麩';
UPDATE tbl_ingredient SET IU='2.20' WHERE name='豚もも薄切り肉';
UPDATE tbl_ingredient SET IU='0.69' WHERE name='酢';
UPDATE tbl_ingredient SET IU='2.20' WHERE name='桜えび';
UPDATE tbl_ingredient SET IU='2.20' WHERE name='こうじ';
UPDATE tbl_ingredient SET IU='2.20' WHERE name='シーフードミックス';
UPDATE tbl_ingredient SET IU='2.20' WHERE name='生いかなご';
UPDATE tbl_ingredient SET IU='1.10' WHERE name='みょうが';
UPDATE tbl_ingredient SET IU='2.20' WHERE name='あんこ（市販品）';
UPDATE tbl_ingredient SET IU='2.20' WHERE name='サルサソース';
UPDATE tbl_ingredient SET IU='2.20' WHERE name='七味唐辛子';
UPDATE tbl_ingredient SET IU='1.10' WHERE name='わけぎ';
UPDATE tbl_ingredient SET IU='2.20' WHERE name='煮干し';
UPDATE tbl_ingredient SET IU='2.20' WHERE name='シソの葉';
UPDATE tbl_ingredient SET IU='0.69' WHERE name='油揚げ';
UPDATE tbl_ingredient SET IU='2.20' WHERE name='刻み昆布';
UPDATE tbl_ingredient SET IU='1.61' WHERE name='餅';
UPDATE tbl_ingredient SET IU='2.20' WHERE name='カニカマ';
UPDATE tbl_ingredient SET IU='2.20' WHERE name='焼そば';
UPDATE tbl_ingredient SET IU='1.61' WHERE name='ポン酢';
UPDATE tbl_ingredient SET IU='0.69' WHERE name='大根';
UPDATE tbl_ingredient SET IU='1.61' WHERE name='ピーマン';
UPDATE tbl_ingredient SET IU='2.20' WHERE name='大根の葉';
UPDATE tbl_ingredient SET IU='2.20' WHERE name='鮭の切り身';
UPDATE tbl_ingredient SET IU='2.20' WHERE name='イチジク';
UPDATE tbl_ingredient SET IU='2.20' WHERE name='山芋';
UPDATE tbl_ingredient SET IU='0.69' WHERE name='にんにく';
UPDATE tbl_ingredient SET IU='1.10' WHERE name='キャベツ';
UPDATE tbl_ingredient SET IU='2.20' WHERE name='強力粉';
UPDATE tbl_ingredient SET IU='2.20' WHERE name='枝豆(ゆでむき身)';
UPDATE tbl_ingredient SET IU='2.20' WHERE name='合いびき肉';
UPDATE tbl_ingredient SET IU='2.20' WHERE name='しじみ（殻つき）';
UPDATE tbl_ingredient SET IU='2.20' WHERE name='水溶き片栗粉';
UPDATE tbl_ingredient SET IU='1.61' WHERE name='えび';
UPDATE tbl_ingredient SET IU='2.20' WHERE name='緑豆もやし';
UPDATE tbl_ingredient SET IU='2.20' WHERE name='早煮昆布';
UPDATE tbl_ingredient SET IU='2.20' WHERE name='昆布（5cm）';
UPDATE tbl_ingredient SET IU='2.20' WHERE name='出雲そば';
UPDATE tbl_ingredient SET IU='0.69' WHERE name='万能ねぎ';
UPDATE tbl_ingredient SET IU='2.20' WHERE name='煮干';
UPDATE tbl_ingredient SET IU='2.20' WHERE name='茹でうどん';
UPDATE tbl_ingredient SET IU='2.20' WHERE name='白いりごま';
UPDATE tbl_ingredient SET IU='2.20' WHERE name='奈良漬';
UPDATE tbl_ingredient SET IU='2.20' WHERE name='中華だしの素';
UPDATE tbl_ingredient SET IU='2.20' WHERE name='春雨';
UPDATE tbl_ingredient SET IU='2.20' WHERE name='牡蠣むき身';
UPDATE tbl_ingredient SET IU='1.61' WHERE name='さば';
UPDATE tbl_ingredient SET IU='0.69' WHERE name='じゃがいも';
UPDATE tbl_ingredient SET IU='2.20' WHERE name='八丁味噌';
UPDATE tbl_ingredient SET IU='2.20' WHERE name='バター';
UPDATE tbl_ingredient SET IU='1.61' WHERE name='焼き豆腐';
UPDATE tbl_ingredient SET IU='2.20' WHERE name='切り昆布';
UPDATE tbl_ingredient SET IU='2.20' WHERE name='粒マスタード';
UPDATE tbl_ingredient SET IU='2.20' WHERE name='はまち（刺し身用）';
UPDATE tbl_ingredient SET IU='2.20' WHERE name='抹茶';
UPDATE tbl_ingredient SET IU='0.69' WHERE name='鶏もも肉';
UPDATE tbl_ingredient SET IU='2.20' WHERE name='豚バラブロック';
UPDATE tbl_ingredient SET IU='0.69' WHERE name='みそ';
UPDATE tbl_ingredient SET IU='2.20' WHERE name='固形スープの素';
UPDATE tbl_ingredient SET IU='2.20' WHERE name='塩蔵わかめ';
UPDATE tbl_ingredient SET IU='2.20' WHERE name='木の芽';
UPDATE tbl_ingredient SET IU='2.20' WHERE name='からいも(さつま芋)';
UPDATE tbl_ingredient SET IU='1.61' WHERE name='木綿豆腐';
UPDATE tbl_ingredient SET IU='2.20' WHERE name='田舎味噌';
UPDATE tbl_ingredient SET IU='2.20' WHERE name='白ねぎ';
UPDATE tbl_ingredient SET IU='0.69' WHERE name='みりん';
UPDATE tbl_ingredient SET IU='1.61' WHERE name='小豆';
UPDATE tbl_ingredient SET IU='1.61' WHERE name='新玉ねぎ';
UPDATE tbl_ingredient SET IU='2.20' WHERE name='鮭のあら';
UPDATE tbl_ingredient SET IU='0.69' WHERE name='大葉';
UPDATE tbl_ingredient SET IU='2.20' WHERE name='いのしし肉';
UPDATE tbl_ingredient SET IU='2.20' WHERE name='もみのり';
UPDATE tbl_ingredient SET IU='2.20' WHERE name='薬味（もみじおろし、ゆずこしょう）';
UPDATE tbl_ingredient SET IU='1.61' WHERE name='赤唐辛子（輪切り）';
UPDATE tbl_ingredient SET IU='2.20' WHERE name='天かす';
UPDATE tbl_ingredient SET IU='2.20' WHERE name='梅干し(種なし)';
UPDATE tbl_ingredient SET IU='2.20' WHERE name='かぼす';
UPDATE tbl_ingredient SET IU='2.20' WHERE name='すり黒ゴマ';
UPDATE tbl_ingredient SET IU='2.20' WHERE name='小口切り唐辛子';
UPDATE tbl_ingredient SET IU='2.20' WHERE name='つぶ貝';
UPDATE tbl_ingredient SET IU='0.69' WHERE name='ご飯';
UPDATE tbl_ingredient SET IU='2.20' WHERE name='鯵の刺身';
UPDATE tbl_ingredient SET IU='1.61' WHERE name='しめじ';
UPDATE tbl_ingredient SET IU='1.61' WHERE name='赤唐辛子';
UPDATE tbl_ingredient SET IU='2.20' WHERE name='そうめん(乾燥)';
UPDATE tbl_ingredient SET IU='2.20' WHERE name='青みの野菜（ねぎなど）';
UPDATE tbl_ingredient SET IU='1.61' WHERE name='牛乳';
UPDATE tbl_ingredient SET IU='2.20' WHERE name='豆乳';
UPDATE tbl_ingredient SET IU='2.20' WHERE name='高菜漬け';
UPDATE tbl_ingredient SET IU='1.61' WHERE name='菜の花';
UPDATE tbl_ingredient SET IU='1.61' WHERE name='きな粉';
UPDATE tbl_ingredient SET IU='2.20' WHERE name='あご（飛魚の煮干し）';
UPDATE tbl_ingredient SET IU='1.61' WHERE name='そばつゆ';
UPDATE tbl_ingredient SET IU='1.61' WHERE name='生鮭';
UPDATE tbl_ingredient SET IU='2.20' WHERE name='かつおのたたき添付のたれ';
UPDATE tbl_ingredient SET IU='2.20' WHERE name='にんに';
UPDATE tbl_ingredient SET IU='2.20' WHERE name='ほや';
UPDATE tbl_ingredient SET IU='2.20' WHERE name='オリーブオイル';
UPDATE tbl_ingredient SET IU='2.20' WHERE name='生うに';
UPDATE tbl_ingredient SET IU='2.20' WHERE name='米こうじ';
UPDATE tbl_ingredient SET IU='2.20' WHERE name='餃子の皮';
UPDATE tbl_ingredient SET IU='2.20' WHERE name='茶そば';
UPDATE tbl_ingredient SET IU='2.20' WHERE name='出し汁（鰹だし）';
UPDATE tbl_ingredient SET IU='2.20' WHERE name='わらび粉';
UPDATE tbl_ingredient SET IU='1.10' WHERE name='もやし';
UPDATE tbl_ingredient SET IU='1.61' WHERE name='青じそ';
UPDATE tbl_ingredient SET IU='1.61' WHERE name='中華スープの素';
UPDATE tbl_ingredient SET IU='2.20' WHERE name='炒りゴマ';
UPDATE tbl_ingredient SET IU='2.20' WHERE name='甜麺醤';
UPDATE tbl_ingredient SET IU='2.20' WHERE name='山椒の実';
UPDATE tbl_ingredient SET IU='2.20' WHERE name='あさつき';
UPDATE tbl_ingredient SET IU='2.20' WHERE name='蒲焼うなぎ';
UPDATE tbl_ingredient SET IU='2.20' WHERE name='にがごい';
UPDATE tbl_ingredient SET IU='2.20' WHERE name='ざらめ';
UPDATE tbl_ingredient SET IU='2.20' WHERE name='たけのこの水煮';
UPDATE tbl_ingredient SET IU='0.69' WHERE name='こしょう';
UPDATE tbl_ingredient SET IU='2.20' WHERE name='豚カツ';
UPDATE tbl_ingredient SET IU='2.20' WHERE name='豚ロース(5mm)';
UPDATE tbl_ingredient SET IU='2.20' WHERE name='ごま塩';
UPDATE tbl_ingredient SET IU='2.20' WHERE name='かき';
UPDATE tbl_ingredient SET IU='2.20' WHERE name='小豆缶';
UPDATE tbl_ingredient SET IU='2.20' WHERE name='小麦粉（薄力粉）';
UPDATE tbl_ingredient SET IU='1.61' WHERE name='青大豆';
UPDATE tbl_ingredient SET IU='1.10' WHERE name='白ごま';
UPDATE tbl_ingredient SET IU='2.20' WHERE name='おきゅうと';
UPDATE tbl_ingredient SET IU='2.20' WHERE name='ゆでうどん（冷凍も可）';
UPDATE tbl_ingredient SET IU='1.10' WHERE name='ポン酢しょうゆ';
UPDATE tbl_ingredient SET IU='1.61' WHERE name='いか';
UPDATE tbl_ingredient SET IU='1.61' WHERE name='レタス';
UPDATE tbl_ingredient SET IU='1.10' WHERE name='のり';
UPDATE tbl_ingredient SET IU='1.10' WHERE name='薄力粉';
UPDATE tbl_ingredient SET IU='1.61' WHERE name='はちみつ';
UPDATE tbl_ingredient SET IU='2.20' WHERE name='真いわし（刺し身用）';
UPDATE tbl_ingredient SET IU='2.20' WHERE name='濃口しょうゆ';
UPDATE tbl_ingredient SET IU='2.20' WHERE name='お好みの野菜';
UPDATE tbl_ingredient SET IU='1.10' WHERE name='和風だしの素';
UPDATE tbl_ingredient SET IU='2.20' WHERE name='塩コショウ';
UPDATE tbl_ingredient SET IU='2.20' WHERE name='手羽先';
UPDATE tbl_ingredient SET IU='1.10' WHERE name='かぼちゃ';
UPDATE tbl_ingredient SET IU='2.20' WHERE name='納豆昆布';
UPDATE tbl_ingredient SET IU='2.20' WHERE name='きくらげ（乾燥）';
UPDATE tbl_ingredient SET IU='2.20' WHERE name='黒糖';
UPDATE tbl_ingredient SET IU='2.20' WHERE name='お好み焼きソース';
UPDATE tbl_ingredient SET IU='1.10' WHERE name='揚げ油';
UPDATE tbl_ingredient SET IU='2.20' WHERE name='せり';
UPDATE tbl_ingredient SET IU='2.20' WHERE name='練がらし';
UPDATE tbl_ingredient SET IU='2.20' WHERE name='うなぎ蒲焼';
UPDATE tbl_ingredient SET IU='1.61' WHERE name='まいたけ';
UPDATE tbl_ingredient SET IU='1.10' WHERE name='ごま油';
UPDATE tbl_ingredient SET IU='2.20' WHERE name='卵焼き（市販品も可）';
UPDATE tbl_ingredient SET IU='2.20' WHERE name='もつ';
UPDATE tbl_ingredient SET IU='2.20' WHERE name='ゆでたけのこ';
UPDATE tbl_ingredient SET IU='2.20' WHERE name='大和いも';
UPDATE tbl_ingredient SET IU='1.61' WHERE name='白すりごま';
UPDATE tbl_ingredient SET IU='0.69' WHERE name='しょうが';
UPDATE tbl_ingredient SET IU='2.20' WHERE name='昆布だし汁';
UPDATE tbl_ingredient SET IU='2.20' WHERE name='さんま';
UPDATE tbl_ingredient SET IU='2.20' WHERE name='日本酒';
UPDATE tbl_ingredient SET IU='1.61' WHERE name='トマト';
UPDATE tbl_ingredient SET IU='2.20' WHERE name='葛粉';
UPDATE tbl_ingredient SET IU='1.61' WHERE name='さつまいも';
UPDATE tbl_ingredient SET IU='2.20' WHERE name='寒天';
UPDATE tbl_ingredient SET IU='2.20' WHERE name='粗びきこしょう';
UPDATE tbl_ingredient SET IU='1.61' WHERE name='あじ（刺し身用）';
UPDATE tbl_ingredient SET IU='2.20' WHERE name='釜揚げしらす';
UPDATE tbl_ingredient SET IU='1.61' WHERE name='春菊';
UPDATE tbl_ingredient SET IU='2.20' WHERE name='椎茸の戻し汁';
UPDATE tbl_ingredient SET IU='2.20' WHERE name='ゆず胡椒';
UPDATE tbl_ingredient SET IU='2.20' WHERE name='餅とり粉';
UPDATE tbl_ingredient SET IU='2.20' WHERE name='青菜';
UPDATE tbl_ingredient SET IU='1.61' WHERE name='おから';
UPDATE tbl_ingredient SET IU='2.20' WHERE name='豆麩';
UPDATE tbl_ingredient SET IU='2.20' WHERE name='温かい寿司飯';
UPDATE tbl_ingredient SET IU='1.61' WHERE name='溶き卵';
